,id,country,date,individuals,centroid_lon,centroid_lat,lat_max,lon_max,lan_min,lon_min,source
0,Poland_2022-09-06,Poland,2022-09-06,5951510,19.4013,52.1224,55.469505777204,26.4013,48.02154911827,12.4013,"UNHCR, Government"
1,Russian Federation_2022-09-05,Russian Federation,2022-09-05,2490480,38.1556078125,51.488850139616,55.991456445157,40.355733035714,51.727742159442,34.812904464286,"UNHCR, Government"
2,Hungary_2022-09-06,Hungary,2022-09-06,1338276,19.4131,47.1672,54.1672,26.58888125,43.760060981758,12.4131,"UNHCR, Government"
3,Romania_2022-09-04,Romania,2022-09-04,1169027,25.3,45.8667,52.8667,32.3,38.8667,18.3,"UNHCR, Government"
4,Slovakia_2022-09-06,Slovakia,2022-09-06,757851,19.4864,48.7062,55.7062,26.4864,41.7062,12.4864,"UNHCR, Government"
5,Republic of Moldova_2022-09-06,Republic of Moldova,2022-09-06,600582,28.4646,47.1976,49.019638429728,31.685303125,45.044273452589,25.068115625,"UNHCR, Government"
6,Belarus_2022-09-06,Belarus,2022-09-06,16704,28.0463,53.5384,57.838933546403,33.727940625,48.496893952144,21.0463,"UNHCR, Government"
7,Poland_2022-08-30,Poland,2022-08-30,5796748,19.4013,52.1224,55.469505777204,26.4013,48.02154911827,12.4013,"UNHCR, Government"
8,Russian Federation_2022-08-30,Russian Federation,2022-08-30,2414075,38.1556078125,51.488850139616,55.991456445157,40.355733035714,51.727742159442,34.812904464286,"UNHCR, Government"
9,Hungary_2022-08-30,Hungary,2022-08-30,1292632,19.4131,47.1672,54.1672,26.58888125,43.760060981758,12.4131,"UNHCR, Government"
10,Romania_2022-08-28,Romania,2022-08-28,1127998,25.3,45.8667,52.8667,32.3,38.8667,18.3,"UNHCR, Government"
11,Slovakia_2022-08-30,Slovakia,2022-08-30,736387,19.4864,48.7062,55.7062,26.4864,41.7062,12.4864,"UNHCR, Government"
12,Republic of Moldova_2022-08-30,Republic of Moldova,2022-08-30,591957,28.4646,47.1976,49.019638429728,31.685303125,45.044273452589,25.068115625,"UNHCR, Government"
13,Belarus_2022-08-30,Belarus,2022-08-30,16701,28.0463,53.5384,57.838933546403,33.727940625,48.496893952144,21.0463,"UNHCR, Government"
14,Poland_2022-08-23,Poland,2022-08-23,5625142,19.4013,52.1224,55.469505777204,26.4013,48.02154911827,12.4013,"UNHCR, Government"
15,Russian Federation_2022-08-23,Russian Federation,2022-08-23,2308790,38.1556078125,51.488850139616,55.991456445157,40.355733035714,51.727742159442,34.812904464286,"UNHCR, Government"
16,Hungary_2022-08-23,Hungary,2022-08-23,1242352,19.4131,47.1672,54.1672,26.58888125,43.760060981758,12.4131,"UNHCR, Government"
17,Slovakia_2022-08-23,Slovakia,2022-08-23,713588,19.4864,48.7062,55.7062,26.4864,41.7062,12.4864,"UNHCR, Government"
18,Republic of Moldova_2022-08-23,Republic of Moldova,2022-08-23,585614,28.4646,47.1976,49.019638429728,31.685303125,45.044273452589,25.068115625,"UNHCR, Government"
19,Belarus_2022-08-23,Belarus,2022-08-23,16692,28.0463,53.5384,57.838933546403,33.727940625,48.496893952144,21.0463,"UNHCR, Government"
20,Poland_2022-08-16,Poland,2022-08-16,5439431,19.4013,52.1224,55.469505777204,26.4013,48.02154911827,12.4013,"UNHCR, Government"
21,Russian Federation_2022-08-16,Russian Federation,2022-08-16,2197679,38.1556078125,51.488850139616,55.991456445157,40.355733035714,51.727742159442,34.812904464286,"UNHCR, Government"
22,Hungary_2022-08-16,Hungary,2022-08-16,1188983,19.4131,47.1672,54.1672,26.58888125,43.760060981758,12.4131,"UNHCR, Government"
23,Slovakia_2022-08-16,Slovakia,2022-08-16,690337,19.4864,48.7062,55.7062,26.4864,41.7062,12.4864,"UNHCR, Government"
24,Poland_2022-08-15,Poland,2022-08-15,5415305,19.4013,52.1224,55.469505777204,26.4013,48.02154911827,12.4013,"UNHCR, Government"
25,Hungary_2022-08-15,Hungary,2022-08-15,1182013,19.4131,47.1672,54.1672,26.58888125,43.760060981758,12.4131,"UNHCR, Government"
26,Romania_2022-08-14,Romania,2022-08-14,1044292,25.3,45.8667,52.8667,32.3,38.8667,18.3,"UNHCR, Government"
27,Slovakia_2022-08-15,Slovakia,2022-08-15,687368,19.4864,48.7062,55.7062,26.4864,41.7062,12.4864,"UNHCR, Government"
28,Republic of Moldova_2022-08-15,Republic of Moldova,2022-08-15,573228,28.4646,47.1976,49.019638429728,31.685303125,45.044273452589,25.068115625,"UNHCR, Government"
29,Belarus_2022-08-15,Belarus,2022-08-15,16689,28.0463,53.5384,57.838933546403,33.727940625,48.496893952144,21.0463,"UNHCR, Government"
30,Hungary_2022-08-11,Hungary,2022-08-11,1151781,19.4131,47.1672,54.1672,26.58888125,43.760060981758,12.4131,"UNHCR, Government"
31,Poland_2022-08-09,Poland,2022-08-09,5269285,19.4013,52.1224,55.469505777204,26.4013,48.02154911827,12.4013,"UNHCR, Government"
32,Hungary_2022-08-09,Hungary,2022-08-09,1137559,19.4131,47.1672,54.1672,26.58888125,43.760060981758,12.4131,"UNHCR, Government"
33,Romania_2022-08-07,Romania,2022-08-07,998516,25.3,45.8667,52.8667,32.3,38.8667,18.3,"UNHCR, Government"
34,Slovakia_2022-08-09,Slovakia,2022-08-09,668195,19.4864,48.7062,55.7062,26.4864,41.7062,12.4864,"UNHCR, Government"
35,Republic of Moldova_2022-08-09,Republic of Moldova,2022-08-09,565543,28.4646,47.1976,49.019638429728,31.685303125,45.044273452589,25.068115625,"UNHCR, Government"
36,Belarus_2022-08-09,Belarus,2022-08-09,16685,28.0463,53.5384,57.838933546403,33.727940625,48.496893952144,21.0463,"UNHCR, Government"
37,Poland_2022-08-08,Poland,2022-08-08,5247980,19.4013,52.1224,55.469505777204,26.4013,48.02154911827,12.4013,"UNHCR, Government"
38,Russian Federation_2022-08-08,Russian Federation,2022-08-08,2063463,38.1556078125,51.488850139616,55.991456445157,40.355733035714,51.727742159442,34.812904464286,"UNHCR, Government"
39,Hungary_2022-08-08,Hungary,2022-08-08,1131385,19.4131,47.1672,54.1672,26.58888125,43.760060981758,12.4131,"UNHCR, Government"
40,Slovakia_2022-08-08,Slovakia,2022-08-08,665796,19.4864,48.7062,55.7062,26.4864,41.7062,12.4864,"UNHCR, Government"
41,Republic of Moldova_2022-08-03,Republic of Moldova,2022-08-03,558332,28.4646,47.1976,49.019638429728,31.685303125,45.044273452589,25.068115625,"UNHCR, Government"
42,Belarus_2022-08-08,Belarus,2022-08-08,16685,28.0463,53.5384,57.838933546403,33.727940625,48.496893952144,21.0463,"UNHCR, Government"
43,Russian Federation_2022-08-02,Russian Federation,2022-08-02,1968127,38.1556078125,51.488850139616,55.991456445157,40.355733035714,51.727742159442,34.812904464286,"UNHCR, Government"
44,Romania_2022-08-02,Romania,2022-08-02,964874,25.3,45.8667,52.8667,32.3,38.8667,18.3,"UNHCR, Government"
45,Republic of Moldova_2022-08-02,Republic of Moldova,2022-08-02,557166,28.4646,47.1976,49.019638429728,31.685303125,45.044273452589,25.068115625,"UNHCR, Government"
46,Poland_2022-08-02,Poland,2022-08-02,5105850,19.4013,52.1224,55.469505777204,26.4013,48.02154911827,12.4013,"UNHCR, Government"
47,Hungary_2022-08-02,Hungary,2022-08-02,1089277,19.4131,47.1672,54.1672,26.58888125,43.760060981758,12.4131,"UNHCR, Government"
48,Slovakia_2022-08-02,Slovakia,2022-08-02,648512,19.4864,48.7062,55.7062,26.4864,41.7062,12.4864,"UNHCR, Government"
49,Republic of Moldova_2022-08-01,Republic of Moldova,2022-08-01,555903,28.4646,47.1976,49.019638429728,31.685303125,45.044273452589,25.068115625,"UNHCR, Government"
50,Belarus_2022-08-02,Belarus,2022-08-02,16683,28.0463,53.5384,57.838933546403,33.727940625,48.496893952144,21.0463,"UNHCR, Government"
51,Poland_2022-08-01,Poland,2022-08-01,5084448,19.4013,52.1224,55.469505777204,26.4013,48.02154911827,12.4013,"UNHCR, Government"
52,Russian Federation_2022-08-01,Russian Federation,2022-08-01,1952037,38.1556078125,51.488850139616,55.991456445157,40.355733035714,51.727742159442,34.812904464286,"UNHCR, Government"
53,Hungary_2022-08-01,Hungary,2022-08-01,1082649,19.4131,47.1672,54.1672,26.58888125,43.760060981758,12.4131,"UNHCR, Government"
54,Romania_2022-07-31,Romania,2022-07-31,953086,25.3,45.8667,52.8667,32.3,38.8667,18.3,"UNHCR, Government"
55,Slovakia_2022-08-01,Slovakia,2022-08-01,645819,19.4864,48.7062,55.7062,26.4864,41.7062,12.4864,"UNHCR, Government"
56,Republic of Moldova_2022-07-31,Republic of Moldova,2022-07-31,555318,28.4646,47.1976,49.019638429728,31.685303125,45.044273452589,25.068115625,"UNHCR, Government"
57,Belarus_2022-08-01,Belarus,2022-08-01,16682,28.0463,53.5384,57.838933546403,33.727940625,48.496893952144,21.0463,"UNHCR, Government"
58,Poland_2022-07-26,Poland,2022-07-26,4944264,19.4013,52.1224,55.469505777204,26.4013,48.02154911827,12.4013,"UNHCR, Government"
59,Russian Federation_2022-07-26,Russian Federation,2022-07-26,1857122,38.1556078125,51.488850139616,55.991456445157,40.355733035714,51.727742159442,34.812904464286,"UNHCR, Government"
60,Hungary_2022-07-26,Hungary,2022-07-26,1041762,19.4131,47.1672,54.1672,26.58888125,43.760060981758,12.4131,"UNHCR, Government"
61,Slovakia_2022-07-26,Slovakia,2022-07-26,627555,19.4864,48.7062,55.7062,26.4864,41.7062,12.4864,"UNHCR, Government"
62,Republic of Moldova_2022-07-26,Republic of Moldova,2022-07-26,549333,28.4646,47.1976,49.019638429728,31.685303125,45.044273452589,25.068115625,"UNHCR, Government"
63,Belarus_2022-07-26,Belarus,2022-07-26,16680,28.0463,53.5384,57.838933546403,33.727940625,48.496893952144,21.0463,"UNHCR, Government"
64,Poland_2022-07-25,Poland,2022-07-25,4923640,19.4013,52.1224,55.469505777204,26.4013,48.02154911827,12.4013,"UNHCR, Government"
65,Russian Federation_2022-07-24,Russian Federation,2022-07-24,1826235,38.1556078125,51.488850139616,55.991456445157,40.355733035714,51.727742159442,34.812904464286,"UNHCR, Government"
66,Hungary_2022-07-25,Hungary,2022-07-25,1035773,19.4131,47.1672,54.1672,26.58888125,43.760060981758,12.4131,"UNHCR, Government"
67,Romania_2022-07-21,Romania,2022-07-21,890168,25.3,45.8667,52.8667,32.3,38.8667,18.3,"UNHCR, Government"
68,Slovakia_2022-07-25,Slovakia,2022-07-25,625553,19.4864,48.7062,55.7062,26.4864,41.7062,12.4864,"UNHCR, Government"
69,Republic of Moldova_2022-07-25,Republic of Moldova,2022-07-25,548030,28.4646,47.1976,49.019638429728,31.685303125,45.044273452589,25.068115625,"UNHCR, Government"
70,Belarus_2022-07-25,Belarus,2022-07-25,16680,28.0463,53.5384,57.838933546403,33.727940625,48.496893952144,21.0463,"UNHCR, Government"
71,Russian Federation_2022-07-19,Russian Federation,2022-07-19,1745800,38.1556078125,51.488850139616,55.991456445157,40.355733035714,51.727742159442,34.812904464286,"UNHCR, Government"
72,Republic of Moldova_2022-07-19,Republic of Moldova,2022-07-19,541323,28.4646,47.1976,49.019638429728,31.685303125,45.044273452589,25.068115625,"UNHCR, Government"
73,Poland_2022-07-19,Poland,2022-07-19,4787154,19.4013,52.1224,55.469505777204,26.4013,48.02154911827,12.4013,"UNHCR, Government"
74,Russian Federation_2022-07-18,Russian Federation,2022-07-18,1728407,38.1556078125,51.488850139616,55.991456445157,40.355733035714,51.727742159442,34.812904464286,"UNHCR, Government"
75,Hungary_2022-07-19,Hungary,2022-07-19,995637,19.4131,47.1672,54.1672,26.58888125,43.760060981758,12.4131,"UNHCR, Government"
76,Romania_2022-07-18,Romania,2022-07-18,870241,25.3,45.8667,52.8667,32.3,38.8667,18.3,"UNHCR, Government"
77,Slovakia_2022-07-19,Slovakia,2022-07-19,610201,19.4864,48.7062,55.7062,26.4864,41.7062,12.4864,"UNHCR, Government"
78,Republic of Moldova_2022-07-18,Republic of Moldova,2022-07-18,539652,28.4646,47.1976,49.019638429728,31.685303125,45.044273452589,25.068115625,"UNHCR, Government"
79,Belarus_2022-07-19,Belarus,2022-07-19,16677,28.0463,53.5384,57.838933546403,33.727940625,48.496893952144,21.0463,"UNHCR, Government"
80,Poland_2022-07-12,Poland,2022-07-12,4627610,19.4013,52.1224,55.469505777204,26.4013,48.02154911827,12.4013,"UNHCR, Government"
81,Poland_2022-07-11,Poland,2022-07-11,4608154,19.4013,52.1224,55.469505777204,26.4013,48.02154911827,12.4013,"UNHCR, Government"
82,Russian Federation_2022-07-12,Russian Federation,2022-07-12,1625231,38.1556078125,51.488850139616,55.991456445157,40.355733035714,51.727742159442,34.812904464286,"UNHCR, Government"
83,Romania_2022-07-12,Romania,2022-07-12,831957,25.3,45.8667,52.8667,32.3,38.8667,18.3,"UNHCR, Government"
84,Slovakia_2022-07-12,Slovakia,2022-07-12,589147,19.4864,48.7062,55.7062,26.4864,41.7062,12.4864,"UNHCR, Government"
85,Hungary_2022-07-12,Hungary,2022-07-12,949664,19.4131,47.1672,54.1672,26.58888125,43.760060981758,12.4131,"UNHCR, Government"
86,Republic of Moldova_2022-07-12,Republic of Moldova,2022-07-12,531869,28.4646,47.1976,49.019638429728,31.685303125,45.044273452589,25.068115625,"UNHCR, Government"
87,Belarus_2022-07-12,Belarus,2022-07-12,16675,28.0463,53.5384,57.838933546403,33.727940625,48.496893952144,21.0463,"UNHCR, Government"
88,Romania_2022-07-05,Romania,2022-07-05,786839,25.3,45.8667,52.8667,32.3,38.8667,18.3,"UNHCR, Government"
89,Poland_2022-07-05,Poland,2022-07-05,4472349,19.4013,52.1224,55.469505777204,26.4013,48.02154911827,12.4013,"UNHCR, Government"
90,Russian Federation_2022-07-05,Russian Federation,2022-07-05,1518394,38.1556078125,51.488850139616,55.991456445157,40.355733035714,51.727742159442,34.812904464286,"UNHCR, Government"
91,Hungary_2022-07-05,Hungary,2022-07-05,905104,19.4131,47.1672,54.1672,26.58888125,43.760060981758,12.4131,"UNHCR, Government"
92,Romania_2022-07-04,Romania,2022-07-04,781288,25.3,45.8667,52.8667,32.3,38.8667,18.3,"UNHCR, Government"
93,Slovakia_2022-07-05,Slovakia,2022-07-05,569702,19.4864,48.7062,55.7062,26.4864,41.7062,12.4864,"UNHCR, Government"
94,Republic of Moldova_2022-07-05,Republic of Moldova,2022-07-05,523707,28.4646,47.1976,49.019638429728,31.685303125,45.044273452589,25.068115625,"UNHCR, Government"
95,Belarus_2022-07-04,Belarus,2022-07-04,16668,28.0463,53.5384,57.838933546403,33.727940625,48.496893952144,21.0463,"UNHCR, Government"
96,Poland_2022-06-28,Poland,2022-06-28,4312612,19.4013,52.1224,55.469505777204,26.4013,48.02154911827,12.4013,"UNHCR, Government"
97,Russian Federation_2022-06-28,Russian Federation,2022-06-28,1412429,38.1556078125,51.488850139616,55.991456445157,40.355733035714,51.727742159442,34.812904464286,"UNHCR, Government"
98,Hungary_2022-06-28,Hungary,2022-06-28,860908,19.4131,47.1672,54.1672,26.58888125,43.760060981758,12.4131,"UNHCR, Government"
99,Romania_2022-06-27,Romania,2022-06-27,736083,25.3,45.8667,52.8667,32.3,38.8667,18.3,"UNHCR, Government"
100,Slovakia_2022-06-28,Slovakia,2022-06-28,548210,19.4864,48.7062,55.7062,26.4864,41.7062,12.4864,"UNHCR, Government"
101,Republic of Moldova_2022-06-28,Republic of Moldova,2022-06-28,515432,28.4646,47.1976,49.019638429728,31.685303125,45.044273452589,25.068115625,"UNHCR, Government"
102,Belarus_2022-06-28,Belarus,2022-06-28,16662,28.0463,53.5384,57.838933546403,33.727940625,48.496893952144,21.0463,"UNHCR, Government"
103,Poland_2022-06-21,Poland,2022-06-21,4146144,19.4013,52.1224,55.469505777204,26.4013,48.02154911827,12.4013,"UNHCR, Government"
104,Russian Federation_2022-06-21,Russian Federation,2022-06-21,1305018,38.1556078125,51.488850139616,55.991456445157,40.355733035714,51.727742159442,34.812904464286,"UNHCR, Government"
105,Hungary_2022-06-21,Hungary,2022-06-21,814607,19.4131,47.1672,54.1672,26.58888125,43.760060981758,12.4131,"UNHCR, Government"
106,Romania_2022-06-21,Romania,2022-06-21,691413,25.3,45.8667,52.8667,32.3,38.8667,18.3,"UNHCR, Government"
107,Slovakia_2022-06-21,Slovakia,2022-06-21,525620,19.4864,48.7062,55.7062,26.4864,41.7062,12.4864,"UNHCR, Government"
108,Republic of Moldova_2022-06-21,Republic of Moldova,2022-06-21,507552,28.4646,47.1976,49.019638429728,31.685303125,45.044273452589,25.068115625,"UNHCR, Government"
109,Belarus_2022-06-20,Belarus,2022-06-20,16660,28.0463,53.5384,57.838933546403,33.727940625,48.496893952144,21.0463,"UNHCR, Government"
110,Poland_2022-06-15,Poland,2022-06-15,4001921,19.4013,52.1224,55.469505777204,26.4013,48.02154911827,12.4013,"UNHCR, Government"
111,Russian Federation_2022-06-16,Russian Federation,2022-06-16,1230800,38.1556078125,51.488850139616,55.991456445157,40.355733035714,51.727742159442,34.812904464286,"UNHCR, Government"
112,Hungary_2022-06-16,Hungary,2022-06-16,782742,19.4131,47.1672,54.1672,26.58888125,43.760060981758,12.4131,"UNHCR, Government"
113,Romania_2022-06-16,Romania,2022-06-16,659009,25.3,45.8667,52.8667,32.3,38.8667,18.3,"UNHCR, Government"
114,Slovakia_2022-06-16,Slovakia,2022-06-16,510014,19.4864,48.7062,55.7062,26.4864,41.7062,12.4864,"UNHCR, Government"
115,Republic of Moldova_2022-06-16,Republic of Moldova,2022-06-16,502716,28.4646,47.1976,49.019638429728,31.685303125,45.044273452589,25.068115625,"UNHCR, Government"
116,Belarus_2022-06-15,Belarus,2022-06-15,16655,28.0463,53.5384,57.838933546403,33.727940625,48.496893952144,21.0463,"UNHCR, Government"
117,Russian Federation_2022-06-13,Russian Federation,2022-06-13,1188807,38.1556078125,51.488850139616,55.991456445157,40.355733035714,51.727742159442,34.812904464286,"UNHCR, Government"
118,Belarus_2022-06-14,Belarus,2022-06-14,16654,28.0463,53.5384,57.838933546403,33.727940625,48.496893952144,21.0463,"UNHCR, Government"
119,Poland_2022-06-13,Poland,2022-06-13,3954957,19.4013,52.1224,55.469505777204,26.4013,48.02154911827,12.4013,"UNHCR, Government"
120,Hungary_2022-06-13,Hungary,2022-06-13,764216,19.4131,47.1672,54.1672,26.58888125,43.760060981758,12.4131,"UNHCR, Government"
121,Romania_2022-06-13,Romania,2022-06-13,642159,25.3,45.8667,52.8667,32.3,38.8667,18.3,"UNHCR, Government"
122,Slovakia_2022-06-13,Slovakia,2022-06-13,501335,19.4864,48.7062,55.7062,26.4864,41.7062,12.4864,"UNHCR, Government"
123,Republic of Moldova_2022-06-13,Republic of Moldova,2022-06-13,498896,28.4646,47.1976,49.019638429728,31.685303125,45.044273452589,25.068115625,"UNHCR, Government"
124,Belarus_2022-06-13,Belarus,2022-06-13,16654,28.0463,53.5384,57.838933546403,33.727940625,48.496893952144,21.0463,"UNHCR, Government"
125,Poland_2022-06-09,Poland,2022-06-09,3864723,19.4013,52.1224,55.469505777204,26.4013,48.02154911827,12.4013,"UNHCR, Government"
126,Russian Federation_2022-06-09,Russian Federation,2022-06-09,1136243,38.1556078125,51.488850139616,55.991456445157,40.355733035714,51.727742159442,34.812904464286,"UNHCR, Government"
127,Hungary_2022-06-09,Hungary,2022-06-09,741504,19.4131,47.1672,54.1672,26.58888125,43.760060981758,12.4131,"UNHCR, Government"
128,Romania_2022-06-09,Romania,2022-06-09,622929,25.3,45.8667,52.8667,32.3,38.8667,18.3,"UNHCR, Government"
129,Republic of Moldova_2022-06-09,Republic of Moldova,2022-06-09,494421,28.4646,47.1976,49.019638429728,31.685303125,45.044273452589,25.068115625,"UNHCR, Government"
130,Slovakia_2022-06-08,Slovakia,2022-06-08,487153,19.4864,48.7062,55.7062,26.4864,41.7062,12.4864,"UNHCR, Government"
131,Belarus_2022-06-08,Belarus,2022-06-08,16650,28.0463,53.5384,57.838933546403,33.727940625,48.496893952144,21.0463,"UNHCR, Government"
132,Poland_2022-06-07,Poland,2022-06-07,3817564,19.4013,52.1224,55.469505777204,26.4013,48.02154911827,12.4013,"UNHCR, Government"
133,Russian Federation_2022-06-07,Russian Federation,2022-06-07,1116387,38.1556078125,51.488850139616,55.991456445157,40.355733035714,51.727742159442,34.812904464286,"UNHCR, Government"
134,Hungary_2022-06-07,Hungary,2022-06-07,731098,19.4131,47.1672,54.1672,26.58888125,43.760060981758,12.4131,"UNHCR, Government"
135,Romania_2022-06-07,Romania,2022-06-07,613435,25.3,45.8667,52.8667,32.3,38.8667,18.3,"UNHCR, Government"
136,Republic of Moldova_2022-06-07,Republic of Moldova,2022-06-07,491144,28.4646,47.1976,49.019638429728,31.685303125,45.044273452589,25.068115625,"UNHCR, Government"
137,Slovakia_2022-06-07,Slovakia,2022-06-07,484661,19.4864,48.7062,55.7062,26.4864,41.7062,12.4864,"UNHCR, Government"
138,Belarus_2022-06-07,Belarus,2022-06-07,16650,28.0463,53.5384,57.838933546403,33.727940625,48.496893952144,21.0463,"UNHCR, Government"
139,Poland_2022-06-01,Poland,2022-06-01,3690089,19.4013,52.1224,55.469505777204,26.4013,48.02154911827,12.4013,"UNHCR, Government"
140,Russian Federation_2022-06-01,Russian Federation,2022-06-01,1041095,38.1556078125,51.488850139616,55.991456445157,40.355733035714,51.727742159442,34.812904464286,"UNHCR, Government"
141,Hungary_2022-06-01,Hungary,2022-06-01,698420,19.4131,47.1672,54.1672,26.58888125,43.760060981758,12.4131,"UNHCR, Government"
142,Romania_2022-06-01,Romania,2022-06-01,587219,25.3,45.8667,52.8667,32.3,38.8667,18.3,"UNHCR, Government"
143,Republic of Moldova_2022-06-01,Republic of Moldova,2022-06-01,483306,28.4646,47.1976,49.019638429728,31.685303125,45.044273452589,25.068115625,"UNHCR, Government"
144,Slovakia_2022-05-31,Slovakia,2022-05-31,466264,19.4864,48.7062,55.7062,26.4864,41.7062,12.4864,"UNHCR, Government"
145,Belarus_2022-06-01,Belarus,2022-06-01,16648,28.0463,53.5384,57.838933546403,33.727940625,48.496893952144,21.0463,"UNHCR, Government"
146,Poland_2022-05-29,Poland,2022-05-29,3627178,19.4013,52.1224,55.469505777204,26.4013,48.02154911827,12.4013,0
147,Hungary_2022-05-29,Hungary,2022-05-29,682594,19.4131,47.1672,54.1672,26.58888125,43.760060981758,12.4131,0
148,Republic of Moldova_2022-05-29,Republic of Moldova,2022-05-29,479513,28.4646,47.1976,49.019638429728,31.685303125,45.044273452589,25.068115625,0
149,Slovakia_2022-05-29,Slovakia,2022-05-29,461164,19.4864,48.7062,55.7062,26.4864,41.7062,12.4864,0
150,Belarus_2022-05-29,Belarus,2022-05-29,16552,28.0463,53.5384,57.838933546403,33.727940625,48.496893952144,21.0463,0
151,Poland_2022-05-27,Poland,2022-05-27,3581612,19.4013,52.1224,55.469505777204,26.4013,48.02154911827,12.4013,0
152,Hungary_2022-05-27,Hungary,2022-05-27,671463,19.4131,47.1672,54.1672,26.58888125,43.760060981758,12.4131,0
153,Romania_2022-05-27,Romania,2022-05-27,563569,25.3,45.8667,52.8667,32.3,38.8667,18.3,0
154,Republic of Moldova_2022-05-27,Republic of Moldova,2022-05-27,477637,28.4646,47.1976,49.019638429728,31.685303125,45.044273452589,25.068115625,0
155,Slovakia_2022-05-27,Slovakia,2022-05-27,454961,19.4864,48.7062,55.7062,26.4864,41.7062,12.4864,0
156,Poland_2022-05-26,Poland,2022-05-26,3559394,19.4013,52.1224,55.469505777204,26.4013,48.02154911827,12.4013,0
157,Russian Federation_2022-05-26,Russian Federation,2022-05-26,971417,38.1556078125,51.488850139616,59.067055102908,36.958297741264,54.998769388622,31.669526312692,0
158,Hungary_2022-05-26,Hungary,2022-05-26,665533,19.4131,47.1672,54.1672,26.58888125,43.760060981758,12.4131,0
159,Romania_2022-05-26,Romania,2022-05-26,559378,25.3,45.8667,52.8667,32.3,38.8667,18.3,0
160,Republic of Moldova_2022-05-26,Republic of Moldova,2022-05-26,476290,28.4646,47.1976,49.019638429728,31.685303125,45.044273452589,25.068115625,0
161,Slovakia_2022-05-26,Slovakia,2022-05-26,451850,19.4864,48.7062,55.7062,26.4864,41.7062,12.4864,0
162,Belarus_2022-05-26,Belarus,2022-05-26,16549,28.0463,53.5384,57.838933546403,33.727940625,48.496893952144,21.0463,0
163,Russian Federation_2022-05-25,Russian Federation,2022-05-25,958060,38.1556078125,51.488850139616,59.067055102908,36.958297741264,54.998769388622,31.669526312692,0
164,Hungary_2022-05-25,Hungary,2022-05-25,660192,19.4131,47.1672,54.1672,26.58888125,43.760060981758,12.4131,0
165,Romania_2022-05-25,Romania,2022-05-25,554906,25.3,45.8667,52.8667,32.3,38.8667,18.3,0
166,Republic of Moldova_2022-05-25,Republic of Moldova,2022-05-25,475011,28.4646,47.1976,49.019638429728,31.685303125,45.044273452589,25.068115625,0
167,Slovakia_2022-05-25,Slovakia,2022-05-25,449509,19.4864,48.7062,55.7062,26.4864,41.7062,12.4864,0
168,Belarus_2022-05-25,Belarus,2022-05-25,16547,28.0463,53.5384,57.838933546403,33.727940625,48.496893952144,21.0463,0
169,Poland_2022-05-24,Poland,2022-05-24,3544995,19.4013,52.1224,55.469505777204,26.4013,48.02154911827,12.4013,0
170,Russian Federation_2022-05-24,Russian Federation,2022-05-24,945007,38.1556078125,51.488850139616,59.067055102908,36.958297741264,54.998769388622,31.669526312692,0
171,Hungary_2022-05-24,Hungary,2022-05-24,654664,19.4131,47.1672,54.1672,26.58888125,43.760060981758,12.4131,0
172,Romania_2022-05-24,Romania,2022-05-24,550240,25.3,45.8667,52.8667,32.3,38.8667,18.3,0
173,Republic of Moldova_2022-05-24,Republic of Moldova,2022-05-24,473690,28.4646,47.1976,49.019638429728,31.685303125,45.044273452589,25.068115625,0
174,Slovakia_2022-05-24,Slovakia,2022-05-24,446755,19.4864,48.7062,55.7062,26.4864,41.7062,12.4864,0
175,Poland_2022-05-23,Poland,2022-05-23,3524205,19.4013,52.1224,55.469505777204,26.4013,48.02154911827,12.4013,0
176,Russian Federation_2022-05-23,Russian Federation,2022-05-23,932220,38.1556078125,51.488850139616,59.067055102908,36.958297741264,54.998769388622,31.669526312692,0
177,Hungary_2022-05-23,Hungary,2022-05-23,649352,19.4131,47.1672,54.1672,26.58888125,43.760060981758,12.4131,0
178,Romania_2022-05-23,Romania,2022-05-23,545845,25.3,45.8667,52.8667,32.3,38.8667,18.3,0
179,Republic of Moldova_2022-05-23,Republic of Moldova,2022-05-23,472377,28.4646,47.1976,49.019638429728,31.685303125,45.044273452589,25.068115625,0
180,Slovakia_2022-05-23,Slovakia,2022-05-23,444368,19.4864,48.7062,55.7062,26.4864,41.7062,12.4864,0
181,Poland_2022-05-22,Poland,2022-05-22,3505890,19.4013,52.1224,55.469505777204,26.4013,48.02154911827,12.4013,0
182,Russian Federation_2022-05-22,Russian Federation,2022-05-22,919934,38.1556078125,51.488850139616,59.067055102908,36.958297741264,54.998769388622,31.669526312692,0
183,Hungary_2022-05-22,Hungary,2022-05-22,644474,19.4131,47.1672,54.1672,26.58888125,43.760060981758,12.4131,0
184,Romania_2022-05-22,Romania,2022-05-22,541826,25.3,45.8667,52.8667,32.3,38.8667,18.3,0
185,Republic of Moldova_2022-05-22,Republic of Moldova,2022-05-22,471223,28.4646,47.1976,49.019638429728,31.685303125,45.044273452589,25.068115625,0
186,Slovakia_2022-05-22,Slovakia,2022-05-22,442316,19.4864,48.7062,55.7062,26.4864,41.7062,12.4864,0
187,Poland_2022-05-20,Poland,2022-05-20,3463320,19.4013,52.1224,55.469505777204,26.4013,48.02154911827,12.4013,0
188,Hungary_2022-05-20,Hungary,2022-05-20,633219,19.4131,47.1672,54.1672,26.58888125,43.760060981758,12.4131,0
189,Republic of Moldova_2022-05-20,Republic of Moldova,2022-05-20,468998,28.4646,47.1976,49.019638429728,31.685303125,45.044273452589,25.068115625,0
190,Slovakia_2022-05-20,Slovakia,2022-05-20,435660,19.4864,48.7062,55.7062,26.4864,41.7062,12.4864,0
191,Poland_2022-05-19,Poland,2022-05-19,3439857,19.4013,52.1224,55.469505777204,26.4013,48.02154911827,12.4013,0
192,Russian Federation_2022-05-19,Russian Federation,2022-05-19,887651,38.1556078125,51.488850139616,59.067055102908,36.958297741264,54.998769388622,31.669526312692,0
193,Hungary_2022-05-19,Hungary,2022-05-19,626548,19.4131,47.1672,54.1672,26.58888125,43.760060981758,12.4131,0
194,Romania_2022-05-19,Romania,2022-05-19,527853,25.3,45.8667,52.8667,32.3,38.8667,18.3,0
195,Republic of Moldova_2022-05-19,Republic of Moldova,2022-05-19,467636,28.4646,47.1976,49.019638429728,31.685303125,45.044273452589,25.068115625,0
196,Slovakia_2022-05-19,Slovakia,2022-05-19,432502,19.4864,48.7062,55.7062,26.4864,41.7062,12.4864,0
197,Poland_2022-05-18,Poland,2022-05-18,3418077,19.4013,52.1224,55.469505777204,26.4013,48.02154911827,12.4013,0
198,Russian Federation_2022-05-18,Russian Federation,2022-05-18,875597,38.1556078125,51.488850139616,59.067055102908,36.958297741264,54.998769388622,31.669526312692,0
199,Hungary_2022-05-18,Hungary,2022-05-18,620846,19.4131,47.1672,54.1672,26.58888125,43.760060981758,12.4131,0
200,Romania_2022-05-18,Romania,2022-05-18,523177,25.3,45.8667,52.8667,32.3,38.8667,18.3,0
201,Republic of Moldova_2022-05-18,Republic of Moldova,2022-05-18,466406,28.4646,47.1976,49.019638429728,31.685303125,45.044273452589,25.068115625,0
202,Slovakia_2022-05-18,Slovakia,2022-05-18,429705,19.4864,48.7062,55.7062,26.4864,41.7062,12.4864,0
203,Russian Federation_2022-05-17,Russian Federation,2022-05-17,863086,38.1556078125,51.488850139616,59.067055102908,36.958297741264,54.998769388622,31.669526312692,0
204,Poland_2022-05-17,Poland,2022-05-17,3396792,19.4013,52.1224,55.469505777204,26.4013,48.02154911827,12.4013,0
205,Hungary_2022-05-17,Hungary,2022-05-17,615256,19.4131,47.1672,54.1672,26.58888125,43.760060981758,12.4131,0
206,Romania_2022-05-17,Romania,2022-05-17,517773,25.3,45.8667,52.8667,32.3,38.8667,18.3,0
207,Republic of Moldova_2022-05-17,Republic of Moldova,2022-05-17,465435,28.4646,47.1976,49.019638429728,31.685303125,45.044273452589,25.068115625,0
208,Slovakia_2022-05-17,Slovakia,2022-05-17,426605,19.4864,48.7062,55.7062,26.4864,41.7062,12.4864,0
209,Poland_2022-05-16,Poland,2022-05-16,3376992,19.4013,52.1224,55.469505777204,26.4013,48.02154911827,12.4013,0
210,Russian Federation_2022-05-16,Russian Federation,2022-05-16,850534,38.1556078125,51.488850139616,59.067055102908,36.958297741264,54.998769388622,31.669526312692,0
211,Hungary_2022-05-16,Hungary,2022-05-16,610076,19.4131,47.1672,54.1672,26.58888125,43.760060981758,12.4131,0
212,Romania_2022-05-16,Romania,2022-05-16,513613,25.3,45.8667,52.8667,32.3,38.8667,18.3,0
213,Republic of Moldova_2022-05-16,Republic of Moldova,2022-05-16,464294,28.4646,47.1976,49.019638429728,31.685303125,45.044273452589,25.068115625,0
214,Slovakia_2022-05-16,Slovakia,2022-05-16,424027,19.4864,48.7062,55.7062,26.4864,41.7062,12.4864,0
215,Poland_2022-05-15,Poland,2022-05-15,3357984,19.4013,52.1224,55.469505777204,26.4013,48.02154911827,12.4013,0
216,Russian Federation_2022-05-15,Russian Federation,2022-05-15,838434,38.1556078125,51.488850139616,59.067055102908,36.958297741264,54.998769388622,31.669526312692,0
217,Hungary_2022-05-15,Hungary,2022-05-15,605628,19.4131,47.1672,54.1672,26.58888125,43.760060981758,12.4131,0
218,Romania_2022-05-15,Romania,2022-05-15,509457,25.3,45.8667,52.8667,32.3,38.8667,18.3,0
219,Republic of Moldova_2022-05-15,Republic of Moldova,2022-05-15,463348,28.4646,47.1976,49.019638429728,31.685303125,45.044273452589,25.068115625,0
220,Slovakia_2022-05-15,Slovakia,2022-05-15,421662,19.4864,48.7062,55.7062,26.4864,41.7062,12.4864,0
221,Poland_2022-05-13,Poland,2022-05-13,3315711,19.4013,52.1224,55.469505777204,26.4013,48.02154911827,12.4013,0
222,Hungary_2022-05-13,Hungary,2022-05-13,594664,19.4131,47.1672,54.1672,26.58888125,43.760060981758,12.4131,0
223,Republic of Moldova_2022-05-13,Republic of Moldova,2022-05-13,461742,28.4646,47.1976,49.019638429728,31.685303125,45.044273452589,25.068115625,0
224,Slovakia_2022-05-13,Slovakia,2022-05-13,415402,19.4864,48.7062,55.7062,26.4864,41.7062,12.4864,0
225,Poland_2022-05-12,Poland,2022-05-12,3294723,19.4013,52.1224,55.469505777204,26.4013,48.02154911827,12.4013,0
226,Russian Federation_2022-05-12,Russian Federation,2022-05-12,800104,38.1556078125,51.488850139616,59.067055102908,36.958297741264,54.998769388622,31.669526312692,0
227,Hungary_2022-05-12,Hungary,2022-05-12,588736,19.4131,47.1672,54.1672,26.58888125,43.760060981758,12.4131,0
228,Romania_2022-05-12,Romania,2022-05-12,496241,25.3,45.8667,52.8667,32.3,38.8667,18.3,0
229,Republic of Moldova_2022-05-12,Republic of Moldova,2022-05-12,460782,28.4646,47.1976,49.019638429728,31.685303125,45.044273452589,25.068115625,0
230,Slovakia_2022-05-12,Slovakia,2022-05-12,412345,19.4864,48.7062,55.7062,26.4864,41.7062,12.4864,0
231,Belarus_2022-05-12,Belarus,2022-05-12,27308,28.0463,53.5384,57.838933546403,33.727940625,48.496893952144,21.0463,0
232,Poland_2022-05-11,Poland,2022-05-11,3272943,19.4013,52.1224,55.469505777204,26.4013,48.02154911827,12.4013,0
233,Russian Federation_2022-05-11,Russian Federation,2022-05-11,785348,38.1556078125,51.488850139616,59.067055102908,36.958297741264,54.998769388622,31.669526312692,0
234,Hungary_2022-05-11,Hungary,2022-05-11,583066,19.4131,47.1672,54.1672,26.58888125,43.760060981758,12.4131,0
235,Romania_2022-05-11,Romania,2022-05-11,491967,25.3,45.8667,52.8667,32.3,38.8667,18.3,0
236,Republic of Moldova_2022-05-11,Republic of Moldova,2022-05-11,459546,28.4646,47.1976,49.019638429728,31.685303125,45.044273452589,25.068115625,0
237,Slovakia_2022-05-11,Slovakia,2022-05-11,409527,19.4864,48.7062,55.7062,26.4864,41.7062,12.4864,0
238,Belarus_2022-05-11,Belarus,2022-05-11,27308,28.0463,53.5384,57.838933546403,33.727940625,48.496893952144,21.0463,0
239,Russian Federation_2022-05-10,Russian Federation,2022-05-10,772121,38.1556078125,51.488850139616,59.067055102908,36.958297741264,54.998769388622,31.669526312692,0
240,Slovakia_2022-05-10,Slovakia,2022-05-10,406833,19.4864,48.7062,55.7062,26.4864,41.7062,12.4864,0
241,Poland_2022-05-10,Poland,2022-05-10,3251955,19.4013,52.1224,55.469505777204,26.4013,48.02154911827,12.4013,0
242,Hungary_2022-05-10,Hungary,2022-05-10,577820,19.4131,47.1672,54.1672,26.58888125,43.760060981758,12.4131,0
243,Romania_2022-05-10,Romania,2022-05-10,487279,25.3,45.8667,52.8667,32.3,38.8667,18.3,0
244,Republic of Moldova_2022-05-10,Republic of Moldova,2022-05-10,458242,28.4646,47.1976,49.019638429728,31.685303125,45.044273452589,25.068115625,0
245,Belarus_2022-05-10,Belarus,2022-05-10,27108,28.0463,53.5384,57.838933546403,33.727940625,48.496893952144,21.0463,0
246,Poland_2022-05-09,Poland,2022-05-09,3234036,19.4013,52.1224,55.469505777204,26.4013,48.02154911827,12.4013,0
247,Hungary_2022-05-09,Hungary,2022-05-09,572760,19.4131,47.1672,54.1672,26.58888125,43.760060981758,12.4131,0
248,Romania_2022-05-09,Romania,2022-05-09,482975,25.3,45.8667,52.8667,32.3,38.8667,18.3,0
249,Republic of Moldova_2022-05-09,Republic of Moldova,2022-05-09,457066,28.4646,47.1976,49.019638429728,31.685303125,45.044273452589,25.068115625,0
250,Slovakia_2022-05-09,Slovakia,2022-05-09,404463,19.4864,48.7062,55.7062,26.4864,41.7062,12.4864,0
251,Belarus_2022-05-09,Belarus,2022-05-09,26985,28.0463,53.5384,57.838933546403,33.727940625,48.496893952144,21.0463,0
252,Poland_2022-05-08,Poland,2022-05-08,3217206,19.4013,52.1224,55.469505777204,26.4013,48.02154911827,12.4013,0
253,Hungary_2022-05-08,Hungary,2022-05-08,568630,19.4131,47.1672,54.1672,26.58888125,43.760060981758,12.4131,0
254,Romania_2022-05-08,Romania,2022-05-08,480064,25.3,45.8667,52.8667,32.3,38.8667,18.3,0
255,Republic of Moldova_2022-05-08,Republic of Moldova,2022-05-08,456947,28.4646,47.1976,49.019638429728,31.685303125,45.044273452589,25.068115625,0
256,Slovakia_2022-05-08,Slovakia,2022-05-08,402332,19.4864,48.7062,55.7062,26.4864,41.7062,12.4864,0
257,Poland_2022-05-06,Poland,2022-05-06,3167805,19.4013,52.1224,55.469505777204,26.4013,48.02154911827,12.4013,0
258,Russian Federation_2022-05-06,Russian Federation,2022-05-06,739418,38.1556078125,51.488850139616,59.067055102908,36.958297741264,54.998769388622,31.669526312692,0
259,Hungary_2022-05-06,Hungary,2022-05-06,557001,19.4131,47.1672,54.1672,26.58888125,43.760060981758,12.4131,0
260,Republic of Moldova_2022-05-06,Republic of Moldova,2022-05-06,453848,28.4646,47.1976,49.019638429728,31.685303125,45.044273452589,25.068115625,0
261,Belarus_2022-05-06,Belarus,2022-05-06,26278,28.0463,53.5384,57.838933546403,33.727940625,48.496893952144,21.0463,0
262,Poland_2022-05-05,Poland,2022-05-05,3143550,19.4013,52.1224,55.469505777204,26.4013,48.02154911827,12.4013,0
263,Russian Federation_2022-05-05,Russian Federation,2022-05-05,727712,38.1556078125,51.488850139616,59.067055102908,36.958297741264,54.998769388622,31.669526312692,0
264,Hungary_2022-05-05,Hungary,2022-05-05,551010,19.4131,47.1672,54.1672,26.58888125,43.760060981758,12.4131,0
265,Romania_2022-05-05,Romania,2022-05-05,465217,25.3,45.8667,52.8667,32.3,38.8667,18.3,0
266,Republic of Moldova_2022-05-05,Republic of Moldova,2022-05-05,452038,28.4646,47.1976,49.019638429728,31.685303125,45.044273452589,25.068115625,0
267,Slovakia_2022-05-05,Slovakia,2022-05-05,391592,19.4864,48.7062,55.7062,26.4864,41.7062,12.4864,0
268,Belarus_2022-05-05,Belarus,2022-05-05,26149,28.0463,53.5384,57.838933546403,33.727940625,48.496893952144,21.0463,0
269,Poland_2022-05-04,Poland,2022-05-04,3119196,19.4013,52.1224,55.469505777204,26.4013,48.02154911827,12.4013,0
270,Russian Federation_2022-05-04,Russian Federation,2022-05-04,714713,38.1556078125,51.488850139616,59.067055102908,36.958297741264,54.998769388622,31.669526312692,0
271,Hungary_2022-05-04,Hungary,2022-05-04,545311,19.4131,47.1672,54.1672,26.58888125,43.760060981758,12.4131,0
272,Romania_2022-05-04,Romania,2022-05-04,463816,25.3,45.8667,52.8667,32.3,38.8667,18.3,0
273,Republic of Moldova_2022-05-04,Republic of Moldova,2022-05-04,450797,28.4646,47.1976,49.019638429728,31.685303125,45.044273452589,25.068115625,0
274,Slovakia_2022-05-04,Slovakia,2022-05-04,388282,19.4864,48.7062,55.7062,26.4864,41.7062,12.4864,0
275,Poland_2022-05-03,Poland,2022-05-03,3094446,19.4013,52.1224,55.469505777204,26.4013,48.02154911827,12.4013,0
276,Russian Federation_2022-05-03,Russian Federation,2022-05-03,703523,38.1556078125,51.488850139616,59.067055102908,36.958297741264,54.998769388622,31.669526312692,0
277,Romania_2022-05-03,Romania,2022-05-03,458654,25.3,45.8667,52.8667,32.3,38.8667,18.3,0
278,Republic of Moldova_2022-05-03,Republic of Moldova,2022-05-03,449605,28.4646,47.1976,49.019638429728,31.685303125,45.044273452589,25.068115625,0
279,Slovakia_2022-05-03,Slovakia,2022-05-03,385284,19.4864,48.7062,55.7062,26.4864,41.7062,12.4864,0
280,Belarus_2022-05-03,Belarus,2022-05-03,25852,28.0463,53.5384,57.838933546403,33.727940625,48.496893952144,21.0463,0
281,Poland_2022-05-02,Poland,2022-05-02,3075240,19.4013,52.1224,55.469505777204,26.4013,48.02154911827,12.4013,0
282,Hungary_2022-05-02,Hungary,2022-05-02,539821,19.4131,47.1672,54.1672,26.58888125,43.760060981758,12.4131,0
283,Romania_2022-05-02,Romania,2022-05-02,451070,25.3,45.8667,52.8667,32.3,38.8667,18.3,0
284,Republic of Moldova_2022-05-02,Republic of Moldova,2022-05-02,448170,28.4646,47.1976,49.019638429728,31.685303125,45.044273452589,25.068115625,0
285,Slovakia_2022-05-02,Slovakia,2022-05-02,382024,19.4864,48.7062,55.7062,26.4864,41.7062,12.4864,0
286,Poland_2022-05-01,Poland,2022-05-01,3056826,19.4013,52.1224,55.469505777204,26.4013,48.02154911827,12.4013,0
287,Russian Federation_2022-04-30,Russian Federation,2022-04-30,681156,38.1556078125,51.488850139616,59.067055102908,36.958297741264,54.998769388622,31.669526312692,0
288,Hungary_2022-05-01,Hungary,2022-05-01,530157,19.4131,47.1672,54.1672,26.58888125,43.760060981758,12.4131,0
289,Republic of Moldova_2022-05-01,Republic of Moldova,2022-05-01,447604,28.4646,47.1976,49.019638429728,31.685303125,45.044273452589,25.068115625,0
290,Romania_2022-04-30,Romania,2022-04-30,443767,25.3,45.8667,52.8667,32.3,38.8667,18.3,0
291,Slovakia_2022-05-01,Slovakia,2022-05-01,379447,19.4864,48.7062,55.7062,26.4864,41.7062,12.4864,0
292,Poland_2022-04-29,Poland,2022-04-29,3014157,19.4013,52.1224,55.469505777204,26.4013,48.02154911827,12.4013,0
293,Hungary_2022-04-29,Hungary,2022-04-29,519979,19.4131,47.1672,54.1672,26.58888125,43.760060981758,12.4131,0
294,Republic of Moldova_2022-04-29,Republic of Moldova,2022-04-29,443559,28.4646,47.1976,49.019638429728,31.685303125,45.044273452589,25.068115625,0
295,Romania_2022-04-29,Romania,2022-04-29,437633,25.3,45.8667,52.8667,32.3,38.8667,18.3,0
296,Slovakia_2022-04-29,Slovakia,2022-04-29,371918,19.4864,48.7062,55.7062,26.4864,41.7062,12.4864,0
297,Poland_2022-04-28,Poland,2022-04-28,2992575,19.4013,52.1224,55.469505777204,26.4013,48.02154911827,12.4013,0
298,Russian Federation_2022-04-28,Russian Federation,2022-04-28,656381,38.1556078125,51.488850139616,59.067055102908,36.958297741264,54.998769388622,31.669526312692,0
299,Hungary_2022-04-28,Hungary,2022-04-28,513848,19.4131,47.1672,54.1672,26.58888125,43.760060981758,12.4131,0
300,Republic of Moldova_2022-04-28,Republic of Moldova,2022-04-28,441437,28.4646,47.1976,49.019638429728,31.685303125,45.044273452589,25.068115625,0
301,Romania_2022-04-28,Romania,2022-04-28,432592,25.3,45.8667,52.8667,32.3,38.8667,18.3,0
302,Slovakia_2022-04-28,Slovakia,2022-04-28,367904,19.4864,48.7062,55.7062,26.4864,41.7062,12.4864,0
303,Belarus_2022-04-28,Belarus,2022-04-28,25002,28.0463,53.5384,57.838933546403,33.727940625,48.496893952144,21.0463,0
304,Poland_2022-04-27,Poland,2022-04-27,2968716,19.4013,52.1224,55.469505777204,26.4013,48.02154911827,12.4013,0
305,Russian Federation_2022-04-27,Russian Federation,2022-04-27,641752,38.1556078125,51.488850139616,59.067055102908,36.958297741264,54.998769388622,31.669526312692,0
306,Hungary_2022-04-27,Hungary,2022-04-27,507849,19.4131,47.1672,54.1672,26.58888125,43.760060981758,12.4131,0
307,Republic of Moldova_2022-04-27,Republic of Moldova,2022-04-27,439290,28.4646,47.1976,49.019638429728,31.685303125,45.044273452589,25.068115625,0
308,Romania_2022-04-27,Romania,2022-04-27,426450,25.3,45.8667,52.8667,32.3,38.8667,18.3,0
309,Slovakia_2022-04-27,Slovakia,2022-04-27,363940,19.4864,48.7062,55.7062,26.4864,41.7062,12.4864,0
310,Belarus_2022-04-27,Belarus,2022-04-27,24857,28.0463,53.5384,57.838933546403,33.727940625,48.496893952144,21.0463,0
311,Poland_2022-04-26,Poland,2022-04-26,2944164,19.4013,52.1224,55.469505777204,26.4013,48.02154911827,12.4013,0
312,Russian Federation_2022-04-26,Russian Federation,2022-04-26,627512,38.1556078125,51.488850139616,59.067055102908,36.958297741264,54.998769388622,31.669526312692,0
313,Hungary_2022-04-26,Hungary,2022-04-26,502142,19.4131,47.1672,54.1672,26.58888125,43.760060981758,12.4131,0
314,Republic of Moldova_2022-04-26,Republic of Moldova,2022-04-26,437362,28.4646,47.1976,49.019638429728,31.685303125,45.044273452589,25.068115625,0
315,Romania_2022-04-26,Romania,2022-04-26,420862,25.3,45.8667,52.8667,32.3,38.8667,18.3,0
316,Slovakia_2022-04-26,Slovakia,2022-04-26,360458,19.4864,48.7062,55.7062,26.4864,41.7062,12.4864,0
317,Belarus_2022-04-26,Belarus,2022-04-26,24719,28.0463,53.5384,57.838933546403,33.727940625,48.496893952144,21.0463,0
318,Poland_2022-04-25,Poland,2022-04-25,2922978,19.4013,52.1224,55.469505777204,26.4013,48.02154911827,12.4013,0
319,Russian Federation_2022-04-25,Russian Federation,2022-04-25,614318,38.1556078125,51.488850139616,59.067055102908,36.958297741264,54.998769388622,31.669526312692,0
320,Hungary_2022-04-25,Hungary,2022-04-25,496914,19.4131,47.1672,54.1672,26.58888125,43.760060981758,12.4131,0
321,Republic of Moldova_2022-04-25,Republic of Moldova,2022-04-25,435275,28.4646,47.1976,49.019638429728,31.685303125,45.044273452589,25.068115625,0
322,Romania_2022-04-25,Romania,2022-04-25,413144,25.3,45.8667,52.8667,32.3,38.8667,18.3,0
323,Slovakia_2022-04-25,Slovakia,2022-04-25,357560,19.4864,48.7062,55.7062,26.4864,41.7062,12.4864,0
324,Belarus_2022-04-25,Belarus,2022-04-25,24578,28.0463,53.5384,57.838933546403,33.727940625,48.496893952144,21.0463,0
325,Poland_2022-04-24,Poland,2022-04-24,2909415,19.4013,52.1224,55.469505777204,26.4013,48.02154911827,12.4013,0
326,Russian Federation_2022-04-24,Russian Federation,2022-04-24,605815,38.1556078125,51.488850139616,59.067055102908,36.958297741264,54.998769388622,31.669526312692,0
327,Hungary_2022-04-24,Hungary,2022-04-24,492976,19.4131,47.1672,54.1672,26.58888125,43.760060981758,12.4131,0
328,Republic of Moldova_2022-04-24,Republic of Moldova,2022-04-24,433895,28.4646,47.1976,49.019638429728,31.685303125,45.044273452589,25.068115625,0
329,Romania_2022-04-23,Romania,2022-04-23,409843,25.3,45.8667,52.8667,32.3,38.8667,18.3,0
330,Slovakia_2022-04-24,Slovakia,2022-04-24,355593,19.4864,48.7062,55.7062,26.4864,41.7062,12.4864,0
331,Belarus_2022-04-24,Belarus,2022-04-24,24477,28.0463,53.5384,57.838933546403,33.727940625,48.496893952144,21.0463,0
332,Poland_2022-04-23,Poland,2022-04-23,2899713,19.4013,52.1224,55.469505777204,26.4013,48.02154911827,12.4013,0
333,Hungary_2022-04-23,Hungary,2022-04-23,489754,19.4131,47.1672,54.1672,26.58888125,43.760060981758,12.4131,0
334,Republic of Moldova_2022-04-23,Republic of Moldova,2022-04-23,433214,28.4646,47.1976,49.019638429728,31.685303125,45.044273452589,25.068115625,0
335,Slovakia_2022-04-23,Slovakia,2022-04-23,354329,19.4864,48.7062,55.7062,26.4864,41.7062,12.4864,0
336,Belarus_2022-04-21,Belarus,2022-04-21,24084,28.0463,53.5384,57.838933546403,33.727940625,48.496893952144,21.0463,0
337,Poland_2022-04-22,Poland,2022-04-22,2884764,19.4013,52.1224,55.469505777204,26.4013,48.02154911827,12.4013,0
338,Hungary_2022-04-22,Hungary,2022-04-22,485618,19.4131,47.1672,54.1672,26.58888125,43.760060981758,12.4131,0
339,Republic of Moldova_2022-04-22,Republic of Moldova,2022-04-22,431468,28.4646,47.1976,49.019638429728,31.685303125,45.044273452589,25.068115625,0
340,Romania_2022-04-22,Romania,2022-04-22,407395,25.3,45.8667,52.8667,32.3,38.8667,18.3,0
341,Slovakia_2022-04-22,Slovakia,2022-04-22,352286,19.4864,48.7062,55.7062,26.4864,41.7062,12.4864,0
342,Poland_2022-04-21,Poland,2022-04-21,2867241,19.4013,52.1224,55.469505777204,26.4013,48.02154911827,12.4013,0
343,Russian Federation_2022-04-21,Russian Federation,2022-04-21,578255,38.1556078125,51.488850139616,59.067055102908,36.958297741264,54.998769388622,31.669526312692,0
344,Hungary_2022-04-21,Hungary,2022-04-21,480974,19.4131,47.1672,54.1672,26.58888125,43.760060981758,12.4131,0
345,Republic of Moldova_2022-04-21,Republic of Moldova,2022-04-21,430170,28.4646,47.1976,49.019638429728,31.685303125,45.044273452589,25.068115625,0
346,Romania_2022-04-21,Romania,2022-04-21,403921,25.3,45.8667,52.8667,32.3,38.8667,18.3,0
347,Slovakia_2022-04-21,Slovakia,2022-04-21,349286,19.4864,48.7062,55.7062,26.4864,41.7062,12.4864,0
348,Poland_2022-04-20,Poland,2022-04-20,2847540,19.4013,52.1224,55.469505777204,26.4013,48.02154911827,12.4013,0
349,Russian Federation_2022-04-20,Russian Federation,2022-04-20,563266,38.1556078125,51.488850139616,59.067055102908,36.958297741264,54.998769388622,31.669526312692,0
350,Hungary_2022-04-20,Hungary,2022-04-20,476213,19.4131,47.1672,54.1672,26.58888125,43.760060981758,12.4131,0
351,Republic of Moldova_2022-04-20,Republic of Moldova,2022-04-20,428577,28.4646,47.1976,49.019638429728,31.685303125,45.044273452589,25.068115625,0
352,Romania_2022-04-20,Romania,2022-04-20,399689,25.3,45.8667,52.8667,32.3,38.8667,18.3,0
353,Slovakia_2022-04-20,Slovakia,2022-04-20,346175,19.4864,48.7062,55.7062,26.4864,41.7062,12.4864,0
354,Belarus_2022-04-20,Belarus,2022-04-20,23900,28.0463,53.5384,57.838933546403,33.727940625,48.496893952144,21.0463,0
355,Poland_2022-04-19,Poland,2022-04-19,2825463,19.4013,52.1224,55.469505777204,26.4013,48.02154911827,12.4013,0
356,Russian Federation_2022-04-19,Russian Federation,2022-04-19,549805,38.1556078125,51.488850139616,59.067055102908,36.958297741264,54.998769388622,31.669526312692,0
357,Hungary_2022-04-19,Hungary,2022-04-19,471080,19.4131,47.1672,54.1672,26.58888125,43.760060981758,12.4131,0
358,Republic of Moldova_2022-04-19,Republic of Moldova,2022-04-19,426964,28.4646,47.1976,49.019638429728,31.685303125,45.044273452589,25.068115625,0
359,Romania_2022-04-19,Romania,2022-04-19,394555,25.3,45.8667,52.8667,32.3,38.8667,18.3,0
360,Slovakia_2022-04-19,Slovakia,2022-04-19,342813,19.4864,48.7062,55.7062,26.4864,41.7062,12.4864,0
361,Belarus_2022-04-19,Belarus,2022-04-19,23759,28.0463,53.5384,57.838933546403,33.727940625,48.496893952144,21.0463,0
362,Poland_2022-04-18,Poland,2022-04-18,2800713,19.4013,52.1224,55.469505777204,26.4013,48.02154911827,12.4013,0
363,Russian Federation_2022-04-18,Russian Federation,2022-04-18,535842,38.1556078125,51.488850139616,59.067055102908,36.958297741264,54.998769388622,31.669526312692,0
364,Hungary_2022-04-18,Hungary,2022-04-18,465598,19.4131,47.1672,54.1672,26.58888125,43.760060981758,12.4131,0
365,Republic of Moldova_2022-04-18,Republic of Moldova,2022-04-18,425227,28.4646,47.1976,49.019638429728,31.685303125,45.044273452589,25.068115625,0
366,Romania_2022-04-18,Romania,2022-04-18,389920,25.3,45.8667,52.8667,32.3,38.8667,18.3,0
367,Slovakia_2022-04-18,Slovakia,2022-04-18,339680,19.4864,48.7062,55.7062,26.4864,41.7062,12.4864,0
368,Belarus_2022-04-18,Belarus,2022-04-18,23609,28.0463,53.5384,57.838933546403,33.727940625,48.496893952144,21.0463,0
369,Poland_2022-04-17,Poland,2022-04-17,2780913,19.4013,52.1224,55.469505777204,26.4013,48.02154911827,12.4013,0
370,Russian Federation_2022-04-17,Russian Federation,2022-04-17,522404,38.1556078125,51.488850139616,59.067055102908,36.958297741264,54.998769388622,31.669526312692,0
371,Hungary_2022-04-17,Hungary,2022-04-17,461539,19.4131,47.1672,54.1672,26.58888125,43.760060981758,12.4131,0
372,Republic of Moldova_2022-04-17,Republic of Moldova,2022-04-17,423852,28.4646,47.1976,49.019638429728,31.685303125,45.044273452589,25.068115625,0
373,Romania_2022-04-17,Romania,2022-04-17,384927,25.3,45.8667,52.8667,32.3,38.8667,18.3,0
374,Slovakia_2022-04-17,Slovakia,2022-04-17,337311,19.4864,48.7062,55.7062,26.4864,41.7062,12.4864,0
375,Belarus_2022-04-17,Belarus,2022-04-17,23469,28.0463,53.5384,57.838933546403,33.727940625,48.496893952144,21.0463,0
376,Poland_2022-04-16,Poland,2022-04-16,2763786,19.4013,52.1224,55.469505777204,26.4013,48.02154911827,12.4013,0
377,Hungary_2022-04-16,Hungary,2022-04-16,458654,19.4131,47.1672,54.1672,26.58888125,43.760060981758,12.4131,0
378,Republic of Moldova_2022-04-16,Republic of Moldova,2022-04-16,422550,28.4646,47.1976,49.019638429728,31.685303125,45.044273452589,25.068115625,0
379,Romania_2022-04-16,Romania,2022-04-16,381234,25.3,45.8667,52.8667,32.3,38.8667,18.3,0
380,Slovakia_2022-04-16,Slovakia,2022-04-16,335243,19.4864,48.7062,55.7062,26.4864,41.7062,12.4864,0
381,Poland_2022-04-15,Poland,2022-04-15,2744778,19.4013,52.1224,55.469505777204,26.4013,48.02154911827,12.4013,0
382,Hungary_2022-04-15,Hungary,2022-04-15,454098,19.4131,47.1672,54.1672,26.58888125,43.760060981758,12.4131,0
383,Republic of Moldova_2022-04-15,Republic of Moldova,2022-04-15,421130,28.4646,47.1976,49.019638429728,31.685303125,45.044273452589,25.068115625,0
384,Romania_2022-04-15,Romania,2022-04-15,376180,25.3,45.8667,52.8667,32.3,38.8667,18.3,0
385,Slovakia_2022-04-15,Slovakia,2022-04-15,332707,19.4864,48.7062,55.7062,26.4864,41.7062,12.4864,0
386,Poland_2022-04-14,Poland,2022-04-14,2720622,19.4013,52.1224,55.469505777204,26.4013,48.02154911827,12.4013,0
387,Russian Federation_2022-04-14,Russian Federation,2022-04-14,484725,38.1556078125,51.488850139616,59.067055102908,36.958297741264,54.998769388622,31.669526312692,0
388,Hungary_2022-04-14,Hungary,2022-04-14,447053,19.4131,47.1672,54.1672,26.58888125,43.760060981758,12.4131,0
389,Republic of Moldova_2022-04-14,Republic of Moldova,2022-04-14,419499,28.4646,47.1976,49.019638429728,31.685303125,45.044273452589,25.068115625,0
390,Romania_2022-04-14,Romania,2022-04-14,371922,25.3,45.8667,52.8667,32.3,38.8667,18.3,0
391,Slovakia_2022-04-14,Slovakia,2022-04-14,329597,19.4864,48.7062,55.7062,26.4864,41.7062,12.4864,0
392,Belarus_2022-04-14,Belarus,2022-04-14,22827,28.0463,53.5384,57.838933546403,33.727940625,48.496893952144,21.0463,0
393,Poland_2022-04-13,Poland,2022-04-13,2694090,19.4013,52.1224,55.469505777204,26.4013,48.02154911827,12.4013,0
394,Russian Federation_2022-04-13,Russian Federation,2022-04-13,471014,38.1556078125,51.488850139616,59.067055102908,36.958297741264,54.998769388622,31.669526312692,0
395,Hungary_2022-04-13,Hungary,2022-04-13,440387,19.4131,47.1672,54.1672,26.58888125,43.760060981758,12.4131,0
396,Republic of Moldova_2022-04-13,Republic of Moldova,2022-04-13,417650,28.4646,47.1976,49.019638429728,31.685303125,45.044273452589,25.068115625,0
397,Romania_2022-04-13,Romania,2022-04-13,364658,25.3,45.8667,52.8667,32.3,38.8667,18.3,0
398,Slovakia_2022-04-13,Slovakia,2022-04-13,326244,19.4864,48.7062,55.7062,26.4864,41.7062,12.4864,0
399,Belarus_2022-04-13,Belarus,2022-04-13,22428,28.0463,53.5384,57.838933546403,33.727940625,48.496893952144,21.0463,0
400,Poland_2022-04-12,Poland,2022-04-12,2669637,19.4013,52.1224,55.469505777204,26.4013,48.02154911827,12.4013,0
401,Hungary_2022-04-12,Hungary,2022-04-12,434342,19.4131,47.1672,54.1672,26.58888125,43.760060981758,12.4131,0
402,Republic of Moldova_2022-04-12,Republic of Moldova,2022-04-12,415850,28.4646,47.1976,49.019638429728,31.685303125,45.044273452589,25.068115625,0
403,Romania_2022-04-12,Romania,2022-04-12,358725,25.3,45.8667,52.8667,32.3,38.8667,18.3,0
404,Slovakia_2022-04-12,Slovakia,2022-04-12,323020,19.4864,48.7062,55.7062,26.4864,41.7062,12.4864,0
405,Belarus_2022-04-12,Belarus,2022-04-12,21852,28.0463,53.5384,57.838933546403,33.727940625,48.496893952144,21.0463,0
406,Poland_2022-04-11,Poland,2022-04-11,2645877,19.4013,52.1224,55.469505777204,26.4013,48.02154911827,12.4013,0
407,Russian Federation_2022-04-11,Russian Federation,2022-04-11,433083,38.1556078125,51.488850139616,59.067055102908,36.958297741264,54.998769388622,31.669526312692,0
408,Hungary_2022-04-11,Hungary,2022-04-11,428954,19.4131,47.1672,54.1672,26.58888125,43.760060981758,12.4131,0
409,Republic of Moldova_2022-04-11,Republic of Moldova,2022-04-11,413374,28.4646,47.1976,49.019638429728,31.685303125,45.044273452589,25.068115625,0
410,Romania_2022-04-11,Romania,2022-04-11,353004,25.3,45.8667,52.8667,32.3,38.8667,18.3,0
411,Slovakia_2022-04-11,Slovakia,2022-04-11,320246,19.4864,48.7062,55.7062,26.4864,41.7062,12.4864,0
412,Belarus_2022-04-11,Belarus,2022-04-11,21292,28.0463,53.5384,57.838933546403,33.727940625,48.496893952144,21.0463,0
413,Poland_2022-04-10,Poland,2022-04-10,2622117,19.4013,52.1224,55.469505777204,26.4013,48.02154911827,12.4013,0
414,Hungary_2022-04-10,Hungary,2022-04-10,424367,19.4131,47.1672,54.1672,26.58888125,43.760060981758,12.4131,0
415,Republic of Moldova_2022-04-10,Republic of Moldova,2022-04-10,411365,28.4646,47.1976,49.019638429728,31.685303125,45.044273452589,25.068115625,0
416,Romania_2022-04-10,Romania,2022-04-10,346948,25.3,45.8667,52.8667,32.3,38.8667,18.3,0
417,Slovakia_2022-04-10,Slovakia,2022-04-10,317781,19.4864,48.7062,55.7062,26.4864,41.7062,12.4864,0
418,Belarus_2022-04-10,Belarus,2022-04-10,20739,28.0463,53.5384,57.838933546403,33.727940625,48.496893952144,21.0463,0
419,Poland_2022-04-09,Poland,2022-04-09,2593902,19.4013,52.1224,55.469505777204,26.4013,48.02154911827,12.4013,0
420,Hungary_2022-04-09,Hungary,2022-04-09,419101,19.4131,47.1672,54.1672,26.58888125,43.760060981758,12.4131,0
421,Republic of Moldova_2022-04-09,Republic of Moldova,2022-04-09,410882,28.4646,47.1976,49.019638429728,31.685303125,45.044273452589,25.068115625,0
422,Russian Federation_2022-04-09,Russian Federation,2022-04-09,404418,38.1556078125,51.488850139616,59.067055102908,36.958297741264,54.998769388622,31.669526312692,0
423,Romania_2022-04-09,Romania,2022-04-09,342070,25.3,45.8667,52.8667,32.3,38.8667,18.3,0
424,Slovakia_2022-04-09,Slovakia,2022-04-09,314485,19.4864,48.7062,55.7062,26.4864,41.7062,12.4864,0
425,Poland_2022-04-08,Poland,2022-04-08,2564994,19.4013,52.1224,55.469505777204,26.4013,48.02154911827,12.4013,0
426,Hungary_2022-04-08,Hungary,2022-04-08,413888,19.4131,47.1672,54.1672,26.58888125,43.760060981758,12.4131,0
427,Republic of Moldova_2022-04-08,Republic of Moldova,2022-04-08,406611,28.4646,47.1976,49.019638429728,31.685303125,45.044273452589,25.068115625,0
428,Russian Federation_2022-04-08,Russian Federation,2022-04-08,389845,38.1556078125,51.488850139616,59.067055102908,36.958297741264,54.998769388622,31.669526312692,0
429,Romania_2022-04-08,Romania,2022-04-08,336240,25.3,45.8667,52.8667,32.3,38.8667,18.3,0
430,Slovakia_2022-04-08,Slovakia,2022-04-08,310989,19.4864,48.7062,55.7062,26.4864,41.7062,12.4864,0
431,Poland_2022-04-07,Poland,2022-04-07,2537769,19.4013,52.1224,55.469505777204,26.4013,48.02154911827,12.4013,0
432,Hungary_2022-04-07,Hungary,2022-04-07,408652,19.4131,47.1672,54.1672,26.58888125,43.760060981758,12.4131,0
433,Republic of Moldova_2022-04-07,Republic of Moldova,2022-04-07,404257,28.4646,47.1976,49.019638429728,31.685303125,45.044273452589,25.068115625,0
434,Russian Federation_2022-04-07,Russian Federation,2022-04-07,373589,38.1556078125,51.488850139616,59.067055102908,36.958297741264,54.998769388622,31.669526312692,0
435,Romania_2022-04-07,Romania,2022-04-07,331181,25.3,45.8667,52.8667,32.3,38.8667,18.3,0
436,Slovakia_2022-04-07,Slovakia,2022-04-07,307772,19.4864,48.7062,55.7062,26.4864,41.7062,12.4864,0
437,Belarus_2022-04-07,Belarus,2022-04-07,19096,28.0463,53.5384,57.838933546403,33.727940625,48.496893952144,21.0463,0
438,Poland_2022-04-06,Poland,2022-04-06,2514504,19.4013,52.1224,55.469505777204,26.4013,48.02154911827,12.4013,0
439,Hungary_2022-04-06,Hungary,2022-04-06,404021,19.4131,47.1672,54.1672,26.58888125,43.760060981758,12.4131,0
440,Republic of Moldova_2022-04-06,Republic of Moldova,2022-04-06,401704,28.4646,47.1976,49.019638429728,31.685303125,45.044273452589,25.068115625,0
441,Romania_2022-04-06,Romania,2022-04-06,325590,25.3,45.8667,52.8667,32.3,38.8667,18.3,0
442,Slovakia_2022-04-06,Slovakia,2022-04-06,304983,19.4864,48.7062,55.7062,26.4864,41.7062,12.4864,0
443,Belarus_2022-04-06,Belarus,2022-04-06,18060,28.0463,53.5384,57.838933546403,33.727940625,48.496893952144,21.0463,0
444,Poland_2022-04-05,Poland,2022-04-05,2490447,19.4013,52.1224,55.469505777204,26.4013,48.02154911827,12.4013,0
445,Republic of Moldova_2022-04-05,Republic of Moldova,2022-04-05,399039,28.4646,47.1976,49.019638429728,31.685303125,45.044273452589,25.068115625,0
446,Hungary_2022-04-05,Hungary,2022-04-05,398932,19.4131,47.1672,54.1672,26.58888125,43.760060981758,12.4131,0
447,Romania_2022-04-05,Romania,2022-04-05,320005,25.3,45.8667,52.8667,32.3,38.8667,18.3,0
448,Slovakia_2022-04-05,Slovakia,2022-04-05,302417,19.4864,48.7062,55.7062,26.4864,41.7062,12.4864,0
449,Belarus_2022-04-05,Belarus,2022-04-05,17317,28.0463,53.5384,57.838933546403,33.727940625,48.496893952144,21.0463,0
450,Poland_2022-04-04,Poland,2022-04-04,2469657,19.4013,52.1224,55.469505777204,26.4013,48.02154911827,12.4013,0
451,Republic of Moldova_2022-04-04,Republic of Moldova,2022-04-04,396448,28.4646,47.1976,49.019638429728,31.685303125,45.044273452589,25.068115625,0
452,Hungary_2022-04-04,Hungary,2022-04-04,394728,19.4131,47.1672,54.1672,26.58888125,43.760060981758,12.4131,0
453,Romania_2022-04-04,Romania,2022-04-04,315451,25.3,45.8667,52.8667,32.3,38.8667,18.3,0
454,Belarus_2022-04-04,Belarus,2022-04-04,16274,28.0463,53.5384,57.838933546403,33.727940625,48.496893952144,21.0463,0
455,Poland_2022-04-03,Poland,2022-04-03,2451342,19.4013,52.1224,55.469505777204,26.4013,48.02154911827,12.4013,0
456,Republic of Moldova_2022-04-03,Republic of Moldova,2022-04-03,394740,28.4646,47.1976,49.019638429728,31.685303125,45.044273452589,25.068115625,0
457,Hungary_2022-04-03,Hungary,2022-04-03,390302,19.4131,47.1672,54.1672,26.58888125,43.760060981758,12.4131,0
458,Romania_2022-04-03,Romania,2022-04-03,311345,25.3,45.8667,52.8667,32.3,38.8667,18.3,0
459,Slovakia_2022-04-03,Slovakia,2022-04-03,301405,19.4864,48.7062,55.7062,26.4864,41.7062,12.4864,0
460,Belarus_2022-04-03,Belarus,2022-04-03,15281,28.0463,53.5384,57.838933546403,33.727940625,48.496893952144,21.0463,0
461,Poland_2022-04-02,Poland,2022-04-02,2429265,19.4013,52.1224,55.469505777204,26.4013,48.02154911827,12.4013,0
462,Republic of Moldova_2022-04-02,Republic of Moldova,2022-04-02,392933,28.4646,47.1976,49.019638429728,31.685303125,45.044273452589,25.068115625,0
463,Hungary_2022-04-02,Hungary,2022-04-02,385783,19.4131,47.1672,54.1672,26.58888125,43.760060981758,12.4131,0
464,Romania_2022-04-02,Romania,2022-04-02,306859,25.3,45.8667,52.8667,32.3,38.8667,18.3,0
465,Slovakia_2022-04-02,Slovakia,2022-04-02,298183,19.4864,48.7062,55.7062,26.4864,41.7062,12.4864,0
466,Poland_2022-04-01,Poland,2022-04-01,2405703,19.4013,52.1224,55.469505777204,26.4013,48.02154911827,12.4013,0
467,Republic of Moldova_2022-04-01,Republic of Moldova,2022-04-01,391592,28.4646,47.1976,49.019638429728,31.685303125,45.044273452589,25.068115625,0
468,Hungary_2022-04-01,Hungary,2022-04-01,379988,19.4131,47.1672,54.1672,26.58888125,43.760060981758,12.4131,0
469,Romania_2022-04-01,Romania,2022-04-01,302296,25.3,45.8667,52.8667,32.3,38.8667,18.3,0
470,Slovakia_2022-04-01,Slovakia,2022-04-01,294885,19.4864,48.7062,55.7062,26.4864,41.7062,12.4864,0
471,Poland_2022-03-31,Poland,2022-03-31,2384814,19.4013,52.1224,55.469505777204,26.4013,48.02154911827,12.4013,0
472,Republic of Moldova_2022-03-31,Republic of Moldova,2022-03-31,390187,28.4646,47.1976,49.019638429728,31.685303125,45.044273452589,25.068115625,0
473,Hungary_2022-03-31,Hungary,2022-03-31,374535,19.4131,47.1672,54.1672,26.58888125,43.760060981758,12.4131,0
474,Romania_2022-03-31,Romania,2022-03-31,297923,25.3,45.8667,52.8667,32.3,38.8667,18.3,0
475,Slovakia_2022-03-31,Slovakia,2022-03-31,292039,19.4864,48.7062,55.7062,26.4864,41.7062,12.4864,0
476,Belarus_2022-03-31,Belarus,2022-03-31,12746,28.0463,53.5384,57.838933546403,33.727940625,48.496893952144,21.0463,0
477,Poland_2022-03-30,Poland,2022-03-30,2362044,19.4013,52.1224,55.469505777204,26.4013,48.02154911827,12.4013,0
478,Republic of Moldova_2022-03-30,Republic of Moldova,2022-03-30,388837,28.4646,47.1976,49.019638429728,31.685303125,45.044273452589,25.068115625,0
479,Hungary_2022-03-30,Hungary,2022-03-30,368807,19.4131,47.1672,54.1672,26.58888125,43.760060981758,12.4131,0
480,Romania_2022-03-30,Romania,2022-03-30,293140,25.3,45.8667,52.8667,32.3,38.8667,18.3,0
481,Slovakia_2022-03-30,Slovakia,2022-03-30,283824,19.4864,48.7062,55.7062,26.4864,41.7062,12.4864,0
482,Belarus_2022-03-30,Belarus,2022-03-30,11821,28.0463,53.5384,57.838933546403,33.727940625,48.496893952144,21.0463,0
483,Poland_2022-03-29,Poland,2022-03-29,2336799,19.4013,52.1224,55.469505777204,26.4013,48.02154911827,12.4013,0
484,Republic of Moldova_2022-03-29,Republic of Moldova,2022-03-29,387151,28.4646,47.1976,49.019638429728,31.685303125,45.044273452589,25.068115625,0
485,Hungary_2022-03-29,Hungary,2022-03-29,364804,19.4131,47.1672,54.1672,26.58888125,43.760060981758,12.4131,0
486,Russian Federation_2022-03-29,Russian Federation,2022-03-29,350632,38.1556078125,51.488850139616,59.067055102908,36.958297741264,54.998769388622,31.669526312692,0
487,Romania_2022-03-29,Romania,2022-03-29,287827,25.3,45.8667,52.8667,32.3,38.8667,18.3,0
488,Slovakia_2022-03-29,Slovakia,2022-03-29,281172,19.4864,48.7062,55.7062,26.4864,41.7062,12.4864,0
489,Belarus_2022-03-29,Belarus,2022-03-29,10902,28.0463,53.5384,57.838933546403,33.727940625,48.496893952144,21.0463,0
490,Poland_2022-03-28,Poland,2022-03-28,2314623,19.4013,52.1224,55.469505777204,26.4013,48.02154911827,12.4013,0
491,Republic of Moldova_2022-03-28,Republic of Moldova,2022-03-28,385222,28.4646,47.1976,49.019638429728,31.685303125,45.044273452589,25.068115625,0
492,Hungary_2022-03-28,Hungary,2022-03-28,359197,19.4131,47.1672,54.1672,26.58888125,43.760060981758,12.4131,0
493,Romania_2022-03-28,Romania,2022-03-28,283304,25.3,45.8667,52.8667,32.3,38.8667,18.3,0
494,Slovakia_2022-03-28,Slovakia,2022-03-28,278238,19.4864,48.7062,55.7062,26.4864,41.7062,12.4864,0
495,Belarus_2022-03-28,Belarus,2022-03-28,9875,28.0463,53.5384,57.838933546403,33.727940625,48.496893952144,21.0463,0
496,Poland_2022-03-27,Poland,2022-03-27,2293833,19.4013,52.1224,55.469505777204,26.4013,48.02154911827,12.4013,0
497,Republic of Moldova_2022-03-27,Republic of Moldova,2022-03-27,383627,28.4646,47.1976,49.019638429728,31.685303125,45.044273452589,25.068115625,0
498,Hungary_2022-03-27,Hungary,2022-03-27,354041,19.4131,47.1672,54.1672,26.58888125,43.760060981758,12.4131,0
499,Romania_2022-03-27,Romania,2022-03-27,278955,25.3,45.8667,52.8667,32.3,38.8667,18.3,0
500,Slovakia_2022-03-27,Slovakia,2022-03-27,275439,19.4864,48.7062,55.7062,26.4864,41.7062,12.4864,0
501,Belarus_2022-03-27,Belarus,2022-03-27,9075,28.0463,53.5384,57.838933546403,33.727940625,48.496893952144,21.0463,0
502,Poland_2022-03-26,Poland,2022-03-26,2267103,19.4013,52.1224,55.469505777204,26.4013,48.02154911827,12.4013,0
503,Republic of Moldova_2022-03-26,Republic of Moldova,2022-03-26,381395,28.4646,47.1976,49.019638429728,31.685303125,45.044273452589,25.068115625,0
504,Hungary_2022-03-26,Hungary,2022-03-26,349107,19.4131,47.1672,54.1672,26.58888125,43.760060981758,12.4131,0
505,Romania_2022-03-26,Romania,2022-03-26,273837,25.3,45.8667,52.8667,32.3,38.8667,18.3,0
506,Slovakia_2022-03-26,Slovakia,2022-03-26,272012,19.4864,48.7062,55.7062,26.4864,41.7062,12.4864,0
507,Poland_2022-03-25,Poland,2022-03-25,2236314,19.4013,52.1224,55.469505777204,26.4013,48.02154911827,12.4013,0
508,Republic of Moldova_2022-03-25,Republic of Moldova,2022-03-25,379204,28.4646,47.1976,49.019638429728,31.685303125,45.044273452589,25.068115625,0
509,Hungary_2022-03-25,Hungary,2022-03-25,342738,19.4131,47.1672,54.1672,26.58888125,43.760060981758,12.4131,0
510,Romania_2022-03-25,Romania,2022-03-25,269046,25.3,45.8667,52.8667,32.3,38.8667,18.3,0
511,Slovakia_2022-03-25,Slovakia,2022-03-25,267702,19.4864,48.7062,55.7062,26.4864,41.7062,12.4864,0
512,Poland_2022-03-24,Poland,2022-03-24,2206119,19.4013,52.1224,55.469505777204,26.4013,48.02154911827,12.4013,0
513,Republic of Moldova_2022-03-24,Republic of Moldova,2022-03-24,376748,28.4646,47.1976,49.019638429728,31.685303125,45.044273452589,25.068115625,0
514,Hungary_2022-03-24,Hungary,2022-03-24,336701,19.4131,47.1672,54.1672,26.58888125,43.760060981758,12.4131,0
515,Romania_2022-03-24,Romania,2022-03-24,264684,25.3,45.8667,52.8667,32.3,38.8667,18.3,0
516,Slovakia_2022-03-24,Slovakia,2022-03-24,263959,19.4864,48.7062,55.7062,26.4864,41.7062,12.4864,0
517,Belarus_2022-03-24,Belarus,2022-03-24,6341,28.0463,53.5384,57.838933546403,33.727940625,48.496893952144,21.0463,0
518,Poland_2022-03-23,Poland,2022-03-23,2173944,19.4013,52.1224,55.469505777204,26.4013,48.02154911827,12.4013,0
519,Republic of Moldova_2022-03-23,Republic of Moldova,2022-03-23,374059,28.4646,47.1976,49.019638429728,31.685303125,45.044273452589,25.068115625,0
520,Hungary_2022-03-23,Hungary,2022-03-23,330877,19.4131,47.1672,54.1672,26.58888125,43.760060981758,12.4131,0
521,Slovakia_2022-03-23,Slovakia,2022-03-23,260244,19.4864,48.7062,55.7062,26.4864,41.7062,12.4864,0
522,Romania_2022-03-23,Romania,2022-03-23,259005,25.3,45.8667,52.8667,32.3,38.8667,18.3,0
523,Belarus_2022-03-23,Belarus,2022-03-23,5569,28.0463,53.5384,57.838933546403,33.727940625,48.496893952144,21.0463,0
524,Poland_2022-03-22,Poland,2022-03-22,2144244,19.4013,52.1224,55.469505777204,26.4013,48.02154911827,12.4013,0
525,Republic of Moldova_2022-03-22,Republic of Moldova,2022-03-22,371104,28.4646,47.1976,49.019638429728,31.685303125,45.044273452589,25.068115625,0
526,Hungary_2022-03-22,Hungary,2022-03-22,324397,19.4131,47.1672,54.1672,26.58888125,43.760060981758,12.4131,0
527,Russian Federation_2022-03-22,Russian Federation,2022-03-22,271254,38.1556078125,51.488850139616,59.067055102908,36.958297741264,54.998769388622,31.669526312692,0
528,Slovakia_2022-03-22,Slovakia,2022-03-22,256838,19.4864,48.7062,55.7062,26.4864,41.7062,12.4864,0
529,Romania_2022-03-22,Romania,2022-03-22,253771,25.3,45.8667,52.8667,32.3,38.8667,18.3,0
530,Belarus_2022-03-22,Belarus,2022-03-22,4938,28.0463,53.5384,57.838933546403,33.727940625,48.496893952144,21.0463,0
531,Poland_2022-03-21,Poland,2022-03-21,2113554,19.4013,52.1224,55.469505777204,26.4013,48.02154911827,12.4013,0
532,Republic of Moldova_2022-03-21,Republic of Moldova,2022-03-21,367913,28.4646,47.1976,49.019638429728,31.685303125,45.044273452589,25.068115625,0
533,Hungary_2022-03-21,Hungary,2022-03-21,317863,19.4131,47.1672,54.1672,26.58888125,43.760060981758,12.4131,0
534,Slovakia_2022-03-21,Slovakia,2022-03-21,253592,19.4864,48.7062,55.7062,26.4864,41.7062,12.4864,0
535,Russian Federation_2022-03-21,Russian Federation,2022-03-21,252376,38.1556078125,51.488850139616,59.067055102908,36.958297741264,54.998769388622,31.669526312692,0
536,Romania_2022-03-21,Romania,2022-03-21,247639,25.3,45.8667,52.8667,32.3,38.8667,18.3,0
537,Belarus_2022-03-21,Belarus,2022-03-21,4308,28.0463,53.5384,57.838933546403,33.727940625,48.496893952144,21.0463,0
538,Poland_2022-03-20,Poland,2022-03-20,2083854,19.4013,52.1224,55.469505777204,26.4013,48.02154911827,12.4013,0
539,Republic of Moldova_2022-03-20,Republic of Moldova,2022-03-20,365197,28.4646,47.1976,49.019638429728,31.685303125,45.044273452589,25.068115625,0
540,Hungary_2022-03-20,Hungary,2022-03-20,312120,19.4131,47.1672,54.1672,26.58888125,43.760060981758,12.4131,0
541,Slovakia_2022-03-20,Slovakia,2022-03-20,250036,19.4864,48.7062,55.7062,26.4864,41.7062,12.4864,0
542,Romania_2022-03-20,Romania,2022-03-20,242908,25.3,45.8667,52.8667,32.3,38.8667,18.3,0
543,Russian Federation_2022-03-20,Russian Federation,2022-03-20,231764,38.1556078125,51.488850139616,59.067055102908,36.958297741264,54.998769388622,31.669526312692,0
544,Belarus_2022-03-20,Belarus,2022-03-20,3765,28.0463,53.5384,57.838933546403,33.727940625,48.496893952144,21.0463,0
545,Poland_2022-03-19,Poland,2022-03-19,2050392,19.4013,52.1224,55.469505777204,26.4013,48.02154911827,12.4013,0
546,Republic of Moldova_2022-03-19,Republic of Moldova,2022-03-19,362514,28.4646,47.1976,49.019638429728,31.685303125,45.044273452589,25.068115625,0
547,Hungary_2022-03-19,Hungary,2022-03-19,305518,19.4131,47.1672,54.1672,26.58888125,43.760060981758,12.4131,0
548,Slovakia_2022-03-19,Slovakia,2022-03-19,245569,19.4864,48.7062,55.7062,26.4864,41.7062,12.4864,0
549,Romania_2022-03-19,Romania,2022-03-19,237940,25.3,45.8667,52.8667,32.3,38.8667,18.3,0
550,Republic of Moldova_2022-03-18,Republic of Moldova,2022-03-18,359056,28.4646,47.1976,54.1976,35.464600000000004,40.1976,21.4646,0
551,Hungary_2022-03-18,Hungary,2022-03-18,299273,19.4131,47.1672,54.1672,26.58888125,43.760060981758,12.4131,0
552,Slovakia_2022-03-18,Slovakia,2022-03-18,240009,19.4864,48.7062,55.7062,26.4864,41.7062,12.4864,0
553,Romania_2022-03-18,Romania,2022-03-18,232550,25.3,45.8667,52.8667,32.3,38.8667,18.3,0
554,Belarus_2022-03-17,Belarus,2022-03-17,2548,28.0463,53.5384,57.838933546403,33.727940625,48.496893952144,21.0463,0
555,Poland_2022-03-18,Poland,2022-03-18,2010693,19.4013,52.1224,55.469505777204,26.4013,48.02154911827,12.4013,0
556,Republic of Moldova_2022-03-17,Republic of Moldova,2022-03-17,355426,28.4646,47.1976,54.1976,35.464600000000004,40.1976,21.4646,0
557,Hungary_2022-03-17,Hungary,2022-03-17,291230,19.4131,47.1672,54.1672,26.58888125,43.760060981758,12.4131,0
558,Slovakia_2022-03-17,Slovakia,2022-03-17,234738,19.4864,48.7062,55.7062,26.4864,41.7062,12.4864,0
559,Romania_2022-03-17,Romania,2022-03-17,227129,25.3,45.8667,52.8667,32.3,38.8667,18.3,0
560,Russian Federation_2022-03-17,Russian Federation,2022-03-17,184563,38.1556078125,51.488850139616,59.067055102908,36.958297741264,54.998769388622,31.669526312692,0
561,Poland_2022-03-16,Poland,2022-03-16,1916445,19.4013,52.1224,55.469505777204,26.4013,48.02154911827,12.4013,0
562,Republic of Moldova_2022-03-16,Republic of Moldova,2022-03-16,350886,28.4646,47.1976,54.1976,35.464600000000004,40.1976,21.4646,0
563,Hungary_2022-03-16,Hungary,2022-03-16,282611,19.4131,47.1672,54.1672,26.58888125,43.760060981758,12.4131,0
564,Slovakia_2022-03-16,Slovakia,2022-03-16,228844,19.4864,48.7062,55.7062,26.4864,41.7062,12.4864,0
565,Romania_2022-03-16,Romania,2022-03-16,220126,25.3,45.8667,52.8667,32.3,38.8667,18.3,0
566,Russian Federation_2022-03-16,Russian Federation,2022-03-16,168858,38.1556078125,51.488850139616,59.067055102908,36.958297741264,54.998769388622,31.669526312692,0
567,Belarus_2022-03-16,Belarus,2022-03-16,2127,28.0463,53.5384,57.838933546403,33.727940625,48.496893952144,21.0463,0
568,Republic of Moldova_2022-03-15,Republic of Moldova,2022-03-15,344454,28.4646,47.1976,54.1976,35.464600000000004,40.1976,21.4646,0
569,Slovakia_2022-03-15,Slovakia,2022-03-15,220977,19.4864,48.7062,55.7062,26.4864,41.7062,12.4864,0
570,Russian Federation_2022-03-15,Russian Federation,2022-03-15,155841,38.1556078125,51.488850139616,59.067055102908,36.958297741264,54.998769388622,31.669526312692,0
571,Belarus_2022-03-15,Belarus,2022-03-15,1816,28.0463,53.5384,57.838933546403,33.727940625,48.496893952144,21.0463,0
572,Hungary_2022-03-15,Hungary,2022-03-15,272943,19.4131,47.1672,54.1672,26.58888125,43.760060981758,12.4131,0
573,Romania_2022-03-15,Romania,2022-03-15,210019,25.3,45.8667,52.8667,32.3,38.8667,18.3,0
574,Poland_2022-03-15,Poland,2022-03-15,1857045,19.4013,52.1224,55.469505777204,26.4013,48.02154911827,12.4013,0
575,Republic of Moldova_2022-03-14,Republic of Moldova,2022-03-14,337215,28.4646,47.1976,54.1976,35.464600000000004,40.1976,21.4646,0
576,Hungary_2022-03-14,Hungary,2022-03-14,263888,19.4131,47.1672,54.1672,26.58888125,43.760060981758,12.4131,0
577,Slovakia_2022-03-14,Slovakia,2022-03-14,213000,19.4864,48.7062,55.7062,26.4864,41.7062,12.4864,0
578,Romania_2022-03-14,Romania,2022-03-14,202592,25.3,45.8667,52.8667,32.3,38.8667,18.3,0
579,Russian Federation_2022-03-14,Russian Federation,2022-03-14,142994,38.1556078125,51.488850139616,59.067055102908,36.958297741264,54.998769388622,31.669526312692,0
580,Belarus_2022-03-14,Belarus,2022-03-14,1475,28.0463,53.5384,57.838933546403,33.727940625,48.496893952144,21.0463,0
581,Romania_2022-03-13,Romania,2022-03-13,181596,25.3,45.8667,52.8667,32.3,38.8667,18.3,0
582,Poland_2022-03-13,Poland,2022-03-13,1720227,19.4013,52.1224,55.469505777204,26.4013,48.02154911827,12.4013,0
583,Hungary_2022-03-13,Hungary,2022-03-13,255291,19.4131,47.1672,54.1672,26.58888125,43.760060981758,12.4131,0
584,Slovakia_2022-03-13,Slovakia,2022-03-13,204862,19.4864,48.7062,55.7062,26.4864,41.7062,12.4864,0
585,Russian Federation_2022-03-13,Russian Federation,2022-03-13,131365,38.1556078125,51.488850139616,59.067055102908,36.958297741264,54.998769388622,31.669526312692,0
586,Republic of Moldova_2022-03-13,Republic of Moldova,2022-03-13,330217,28.4646,47.1976,54.1976,35.464600000000004,40.1976,21.4646,0
587,Belarus_2022-03-13,Belarus,2022-03-13,1226,28.0463,53.5384,57.838933546403,33.727940625,48.496893952144,21.0463,0
588,Poland_2022-03-12,Poland,2022-03-12,1655503,19.4013,52.1224,55.469505777204,26.4013,48.02154911827,12.4013,0
589,Hungary_2022-03-12,Hungary,2022-03-12,246206,19.4131,47.1672,54.1672,26.58888125,43.760060981758,12.4131,0
590,Slovakia_2022-03-12,Slovakia,2022-03-12,195980,19.4864,48.7062,55.7062,26.4864,41.7062,12.4864,0
591,Other European countries_2022-03-11,Other European countries,2022-03-11,304156,12.999541505426,49.284734814307,51.315889718278,19.82825110364,47.368175432564,14.696222532212,0
592,Hungary_2022-03-11,Hungary,2022-03-11,235576,19.4131,47.1672,54.1672,26.58888125,43.760060981758,12.4131,0
593,Slovakia_2022-03-11,Slovakia,2022-03-11,185673,19.4864,48.7062,55.7062,26.4864,41.7062,12.4864,0
594,Belarus_2022-03-11,Belarus,2022-03-11,938,28.0463,53.5384,57.838933546403,33.727940625,48.496893952144,21.0463,0
595,Poland_2022-03-11,Poland,2022-03-11,1575703,19.4013,52.1224,55.469505777204,26.4013,48.02154911827,12.4013,0
596,Other European countries_2022-03-10,Other European countries,2022-03-10,282497,12.999541505426,49.284734814307,51.315889718278,19.82825110364,47.368175432564,14.696222532212,0
597,Hungary_2022-03-10,Hungary,2022-03-10,225046,19.4131,47.1672,54.1672,26.58888125,43.760060981758,12.4131,0
598,Slovakia_2022-03-10,Slovakia,2022-03-10,176092,19.4864,48.7062,55.7062,26.4864,41.7062,12.4864,0
599,Republic of Moldova_2022-03-10,Republic of Moldova,2022-03-10,104929,28.4646,47.1976,54.1976,35.464600000000004,40.1976,21.4646,0
600,Russian Federation_2022-03-10,Russian Federation,2022-03-10,105897,38.1556078125,51.488850139616,59.067055102908,36.958297741264,54.998769388622,31.669526312692,0
601,Belarus_2022-03-10,Belarus,2022-03-10,858,28.0463,53.5384,57.838933546403,33.727940625,48.496893952144,21.0463,0
602,Other European countries_2022-03-09,Other European countries,2022-03-09,258844,12.999541505426,49.284734814307,51.315889718278,19.82825110364,47.368175432564,14.696222532212,0
603,Slovakia_2022-03-09,Slovakia,2022-03-09,165199,19.4864,48.7062,55.7062,26.4864,41.7062,12.4864,0
604,Russian Federation_2022-03-09,Russian Federation,2022-03-09,97098,38.1556078125,51.488850139616,59.067055102908,36.958297741264,54.998769388622,31.669526312692,0
605,Belarus_2022-03-09,Belarus,2022-03-09,765,28.0463,53.5384,57.838933546403,33.727940625,48.496893952144,21.0463,0
606,Other European countries_2022-03-08,Other European countries,2022-03-08,235745,12.999541505426,49.284734814307,51.315889718278,19.82825110364,47.368175432564,14.696222532212,0
607,Hungary_2022-03-08,Hungary,2022-03-08,214160,19.4131,47.1672,54.1672,26.58888125,43.760060981758,12.4131,0
608,Slovakia_2022-03-08,Slovakia,2022-03-08,153303,19.4864,48.7062,55.7062,26.4864,41.7062,12.4864,0
609,Romania_2022-03-08,Romania,2022-03-08,84671,25.3,45.8667,52.8667,32.3,38.8667,18.3,0
610,Belarus_2022-03-08,Belarus,2022-03-08,592,28.0463,53.5384,57.838933546403,33.727940625,48.496893952144,21.0463,0
611,Poland_2022-03-08,Poland,2022-03-08,1412503,19.4013,52.1224,55.469505777204,26.4013,48.02154911827,12.4013,0
612,Other European countries_2022-03-07,Other European countries,2022-03-07,210239,12.999541505426,49.284734814307,51.315889718278,19.82825110364,47.368175432564,14.696222532212,0
613,Hungary_2022-03-07,Hungary,2022-03-07,191348,19.4131,47.1672,54.1672,26.58888125,43.760060981758,12.4131,0
614,Slovakia_2022-03-07,Slovakia,2022-03-07,140745,19.4864,48.7062,55.7062,26.4864,41.7062,12.4864,0
615,Russian Federation_2022-03-08,Russian Federation,2022-03-08,99300,38.1556078125,51.488850139616,59.067055102908,36.958297741264,54.998769388622,31.669526312692,0
616,Belarus_2022-03-07,Belarus,2022-03-07,453,28.0463,53.5384,57.838933546403,33.727940625,48.496893952144,21.0463,0
617,Poland_2022-03-06,Poland,2022-03-06,1027603,19.4013,52.1224,55.469505777204,26.4013,48.02154911827,12.4013,0
618,Other European countries_2022-03-06,Other European countries,2022-03-06,183688,12.999541505426,49.284734814307,51.315889718278,19.82825110364,47.368175432564,14.696222532212,0
619,Hungary_2022-03-06,Hungary,2022-03-06,180163,19.4131,47.1672,54.1672,26.58888125,43.760060981758,12.4131,0
620,Slovakia_2022-03-06,Slovakia,2022-03-06,128169,19.4864,48.7062,55.7062,26.4864,41.7062,12.4864,0
621,Republic of Moldova_2022-03-06,Republic of Moldova,2022-03-06,82762,28.4646,47.1976,54.1976,35.464600000000004,40.1976,21.4646,0
622,Romania_2022-03-06,Romania,2022-03-06,82062,25.3,45.8667,52.8667,32.3,38.8667,18.3,0
623,Poland_2022-03-05,Poland,2022-03-05,885303,19.4013,52.1224,55.469505777204,26.4013,48.02154911827,12.4013,0
624,Hungary_2022-03-05,Hungary,2022-03-05,169053,19.4131,47.1672,54.1672,26.58888125,43.760060981758,12.4131,0
625,Other European countries_2022-03-05,Other European countries,2022-03-05,157056,12.999541505426,49.284734814307,51.315889718278,19.82825110364,47.368175432564,14.696222532212,0
626,Slovakia_2022-03-05,Slovakia,2022-03-05,113967,19.4864,48.7062,55.7062,26.4864,41.7062,12.4864,0
627,Republic of Moldova_2022-03-05,Republic of Moldova,2022-03-05,84067,28.4646,47.1976,54.1976,35.464600000000004,40.1976,21.4646,0
628,Romania_2022-03-05,Romania,2022-03-05,71640,25.3,45.8667,52.8667,32.3,38.8667,18.3,0
629,Poland_2022-03-04,Poland,2022-03-04,756303,19.4013,52.1224,55.469505777204,26.4013,48.02154911827,12.4013,0
630,Hungary_2022-03-04,Hungary,2022-03-04,157004,19.4131,47.1672,54.1672,26.58888125,43.760060981758,12.4131,0
631,Other European countries_2022-03-04,Other European countries,2022-03-04,133876,12.999541505426,49.284734814307,51.315889718278,19.82825110364,47.368175432564,14.696222532212,0
632,Slovakia_2022-03-04,Slovakia,2022-03-04,101529,19.4864,48.7062,55.7062,26.4864,41.7062,12.4864,0
633,Romania_2022-03-04,Romania,2022-03-04,63192,25.3,45.8667,52.8667,32.3,38.8667,18.3,0
634,Belarus_2022-03-04,Belarus,2022-03-04,406,28.0463,53.5384,57.838933546403,33.727940625,48.496893952144,21.0463,0
635,Poland_2022-03-03,Poland,2022-03-03,649903,19.4013,52.1224,55.469505777204,26.4013,48.02154911827,12.4013,0
636,Hungary_2022-03-03,Hungary,2022-03-03,144738,19.4131,47.1672,54.1672,26.58888125,43.760060981758,12.4131,0
637,Other European countries_2022-03-03,Other European countries,2022-03-03,110876,12.999541505426,49.284734814307,51.315889718278,19.82825110364,47.368175432564,14.696222532212,0
638,Republic of Moldova_2022-03-03,Republic of Moldova,2022-03-03,103254,28.4646,47.1976,54.1976,35.464600000000004,40.1976,21.4646,0
639,Slovakia_2022-03-03,Slovakia,2022-03-03,90329,19.4864,48.7062,55.7062,26.4864,41.7062,12.4864,0
640,Romania_2022-03-03,Romania,2022-03-03,57192,25.3,45.8667,52.8667,32.3,38.8667,18.3,0
641,Russian Federation_2022-03-03,Russian Federation,2022-03-03,53300,38.1556078125,51.488850139616,59.067055102908,36.958297741264,54.998769388622,31.669526312692,0
642,Belarus_2022-03-03,Belarus,2022-03-03,384,28.0463,53.5384,57.838933546403,33.727940625,48.496893952144,21.0463,0
643,Belarus_2022-03-02,Belarus,2022-03-02,374,28.0463,53.5384,57.838933546403,33.727940625,48.496893952144,21.0463,0
644,Poland_2022-03-02,Poland,2022-03-02,547982,19.4013,52.1224,55.469505777204,26.4013,48.02154911827,12.4013,0
645,Hungary_2022-03-02,Hungary,2022-03-02,133009,19.4131,47.1672,54.1672,26.58888125,43.760060981758,12.4131,0
646,Republic of Moldova_2022-03-02,Republic of Moldova,2022-03-02,97827,28.4646,47.1976,54.1976,35.464600000000004,40.1976,21.4646,0
647,Other European countries_2022-03-02,Other European countries,2022-03-02,88147,12.999541505426,49.284734814307,51.315889718278,19.82825110364,47.368175432564,14.696222532212,0
648,Slovakia_2022-03-02,Slovakia,2022-03-02,79059,19.4864,48.7062,55.7062,26.4864,41.7062,12.4864,0
649,Romania_2022-03-02,Romania,2022-03-02,51261,25.3,45.8667,52.8667,32.3,38.8667,18.3,0
650,Russian Federation_2022-03-02,Russian Federation,2022-03-02,47800,38.1556078125,51.488850139616,59.067055102908,36.958297741264,54.998769388622,31.669526312692,0
651,Poland_2022-03-01,Poland,2022-03-01,453982,19.4013,52.1224,55.469505777204,26.4013,48.02154911827,12.4013,0
652,Hungary_2022-03-01,Hungary,2022-03-01,116348,19.4131,47.1672,54.1672,26.58888125,43.760060981758,12.4131,0
653,Republic of Moldova_2022-03-01,Republic of Moldova,2022-03-01,79315,28.4646,47.1976,54.1976,35.464600000000004,40.1976,21.4646,0
654,Other European countries_2022-03-01,Other European countries,2022-03-01,69600,12.999541505426,49.284734814307,51.315889718278,19.82825110364,47.368175432564,14.696222532212,0
655,Slovakia_2022-03-01,Slovakia,2022-03-01,67000,19.4864,48.7062,55.7062,26.4864,41.7062,12.4864,0
656,Romania_2022-03-01,Romania,2022-03-01,44540,25.3,45.8667,52.8667,32.3,38.8667,18.3,0
657,Russian Federation_2022-03-01,Russian Federation,2022-03-01,42900,38.1556078125,51.488850139616,59.067055102908,36.958297741264,54.998769388622,31.669526312692,0
658,Belarus_2022-03-01,Belarus,2022-03-01,341,28.0463,53.5384,57.838933546403,33.727940625,48.496893952144,21.0463,0
